Data_as_of,DCF Region,DCF Office,Demographic,SFY,TOTAL_ENTRY,FOSTER_CARE,RELATIVE_CARE,SPECIAL_STUDY,THERAPEUTIC_FOSTER_CARE,PDC_SAFE_HOME,SHELTER,GROUP_HOME,RESIDENTIAL,DCF_HIGHMEADOWS,DCF_SOLNIT,DCF_CJTS,HOSPITAL,INDEPENDENT_LIVING,Demographic_Type
8/6/2015,Other,Other,BLACK,2005,77,3,2,0,0,2,0,1,45,0,1,23,0,0,Race
8/6/2015,Other,Other,HISPANIC,2005,70,6,0,0,0,1,0,2,41,0,2,18,0,0,Race
8/6/2015,Other,Other,OTHER,2005,23,0,0,0,0,0,0,0,21,0,0,2,0,0,Race
8/6/2015,Other,Other,WHITE,2005,61,2,5,0,0,1,0,4,40,0,1,8,0,0,Race
8/6/2015,Region 1,Bridgeport Office,BLACK,2005,126,64,12,1,3,19,11,2,10,2,0,1,1,0,Race
8/6/2015,Region 1,Bridgeport Office,HISPANIC,2005,105,54,21,1,1,15,2,2,6,0,0,2,0,1,Race
8/6/2015,Region 1,Bridgeport Office,OTHER,2005,12,6,0,1,1,3,1,0,0,0,0,0,0,0,Race
8/6/2015,Region 1,Bridgeport Office,WHITE,2005,53,22,3,0,1,12,3,1,9,0,2,0,0,0,Race
8/6/2015,Region 1,Norwalk Office,BLACK,2005,27,6,10,1,1,4,1,0,4,0,0,0,0,0,Race
8/6/2015,Region 1,Norwalk Office,HISPANIC,2005,20,7,7,0,0,1,1,1,3,0,0,0,0,0,Race
8/6/2015,Region 1,Norwalk Office,OTHER,2005,4,2,0,0,0,2,0,0,0,0,0,0,0,0,Race
8/6/2015,Region 1,Norwalk Office,WHITE,2005,15,3,3,3,0,0,3,0,2,1,0,0,0,0,Race
8/6/2015,Region 1,Stamford Office,BLACK,2005,29,7,3,0,1,12,3,0,2,0,0,0,1,0,Race
8/6/2015,Region 1,Stamford Office,HISPANIC,2005,17,10,3,0,0,1,1,1,1,0,0,0,0,0,Race
8/6/2015,Region 1,Stamford Office,OTHER,2005,4,1,0,0,0,2,1,0,0,0,0,0,0,0,Race
8/6/2015,Region 1,Stamford Office,WHITE,2005,14,0,3,0,0,3,6,0,2,0,0,0,0,0,Race
8/6/2015,Region 2,Milford Office,BLACK,2005,41,11,9,1,0,7,0,1,10,0,0,1,1,0,Race
8/6/2015,Region 2,Milford Office,HISPANIC,2005,24,9,6,1,1,0,1,0,5,0,1,0,0,0,Race
8/6/2015,Region 2,Milford Office,OTHER,2005,10,5,2,0,0,1,0,0,2,0,0,0,0,0,Race
8/6/2015,Region 2,Milford Office,WHITE,2005,69,28,6,0,0,6,4,1,21,1,1,1,0,0,Race
8/6/2015,Region 2,New Haven Office,BLACK,2005,163,69,20,2,17,24,4,1,18,1,1,3,1,2,Race
8/6/2015,Region 2,New Haven Office,HISPANIC,2005,79,36,5,1,8,16,7,1,5,0,0,0,0,0,Race
8/6/2015,Region 2,New Haven Office,OTHER,2005,15,8,0,0,0,4,0,0,3,0,0,0,0,0,Race
8/6/2015,Region 2,New Haven Office,WHITE,2005,32,13,2,2,2,7,3,0,3,0,0,0,0,0,Race
8/6/2015,Region 3,Middletown Office,BLACK,2005,15,5,2,0,0,7,0,0,1,0,0,0,0,0,Race
8/6/2015,Region 3,Middletown Office,HISPANIC,2005,7,2,2,0,0,0,1,0,2,0,0,0,0,0,Race
8/6/2015,Region 3,Middletown Office,OTHER,2005,6,5,0,0,0,1,0,0,0,0,0,0,0,0,Race
8/6/2015,Region 3,Middletown Office,WHITE,2005,71,16,17,3,0,18,6,1,8,0,0,0,1,1,Race
8/6/2015,Region 3,Norwich Office,BLACK,2005,34,14,6,0,0,10,0,1,1,0,1,0,1,0,Race
8/6/2015,Region 3,Norwich Office,HISPANIC,2005,50,29,6,0,1,10,0,0,0,0,1,0,2,1,Race
8/6/2015,Region 3,Norwich Office,OTHER,2005,30,23,0,0,0,6,0,0,0,0,0,0,1,0,Race
8/6/2015,Region 3,Norwich Office,WHITE,2005,121,61,17,4,3,15,3,0,13,0,1,0,4,0,Race
8/6/2015,Region 3,Willimantic Office,BLACK,2005,7,0,2,0,0,2,0,0,1,0,0,0,0,2,Race
8/6/2015,Region 3,Willimantic Office,HISPANIC,2005,37,18,3,1,0,11,0,1,3,0,0,0,0,0,Race
8/6/2015,Region 3,Willimantic Office,OTHER,2005,3,3,0,0,0,0,0,0,0,0,0,0,0,0,Race
8/6/2015,Region 3,Willimantic Office,WHITE,2005,116,60,15,3,0,24,6,1,6,0,1,0,0,0,Race
8/6/2015,Region 4,Hartford Office,BLACK,2005,147,65,23,3,0,18,12,4,13,2,4,1,0,2,Race
8/6/2015,Region 4,Hartford Office,HISPANIC,2005,177,83,27,2,5,26,9,7,13,0,2,0,1,2,Race
8/6/2015,Region 4,Hartford Office,OTHER,2005,17,11,1,1,0,1,2,0,1,0,0,0,0,0,Race
8/6/2015,Region 4,Hartford Office,WHITE,2005,14,5,6,0,0,0,1,0,1,0,1,0,0,0,Race
8/6/2015,Region 4,Manchester Office,BLACK,2005,61,34,7,2,0,6,3,3,4,1,0,0,0,1,Race
8/6/2015,Region 4,Manchester Office,HISPANIC,2005,65,35,16,0,0,7,2,3,1,0,1,0,0,0,Race
8/6/2015,Region 4,Manchester Office,OTHER,2005,15,8,7,0,0,0,0,0,0,0,0,0,0,0,Race
8/6/2015,Region 4,Manchester Office,WHITE,2005,189,89,45,4,0,19,9,4,14,1,2,0,2,0,Race
8/6/2015,Region 5,Danbury Office,BLACK,2005,13,7,2,0,0,1,1,0,2,0,0,0,0,0,Race
8/6/2015,Region 5,Danbury Office,HISPANIC,2005,32,16,5,2,0,5,1,1,2,0,0,0,0,0,Race
8/6/2015,Region 5,Danbury Office,OTHER,2005,10,7,0,0,0,2,0,0,1,0,0,0,0,0,Race
8/6/2015,Region 5,Danbury Office,WHITE,2005,40,19,9,3,0,3,0,1,4,0,0,0,1,0,Race
8/6/2015,Region 5,Torrington Office,BLACK,2005,3,3,0,0,0,0,0,0,0,0,0,0,0,0,Race
8/6/2015,Region 5,Torrington Office,HISPANIC,2005,7,6,0,0,0,1,0,0,0,0,0,0,0,0,Race
8/6/2015,Region 5,Torrington Office,OTHER,2005,8,6,1,0,0,1,0,0,0,0,0,0,0,0,Race
8/6/2015,Region 5,Torrington Office,WHITE,2005,74,37,10,1,0,7,0,0,15,0,3,0,1,0,Race
8/6/2015,Region 5,Waterbury Office,BLACK,2005,70,41,13,0,0,5,0,1,10,0,0,0,0,0,Race
8/6/2015,Region 5,Waterbury Office,HISPANIC,2005,110,73,17,1,0,5,2,1,9,0,1,1,0,0,Race
8/6/2015,Region 5,Waterbury Office,OTHER,2005,17,11,3,0,0,0,0,0,3,0,0,0,0,0,Race
8/6/2015,Region 5,Waterbury Office,WHITE,2005,100,55,13,0,1,18,3,0,4,1,2,0,3,0,Race
8/6/2015,Region 6,Meriden Office,BLACK,2005,20,11,2,0,0,3,1,0,3,0,0,0,0,0,Race
8/6/2015,Region 6,Meriden Office,HISPANIC,2005,60,42,4,0,0,4,3,1,5,1,0,0,0,0,Race
8/6/2015,Region 6,Meriden Office,OTHER,2005,14,5,2,0,0,2,2,0,1,2,0,0,0,0,Race
8/6/2015,Region 6,Meriden Office,WHITE,2005,63,21,18,3,4,6,5,1,5,0,0,0,0,0,Race
8/6/2015,Region 6,New Britain Office,BLACK,2005,43,20,9,0,1,1,7,2,2,0,1,0,0,0,Race
8/6/2015,Region 6,New Britain Office,HISPANIC,2005,123,59,22,1,1,12,9,6,5,0,1,0,4,3,Race
8/6/2015,Region 6,New Britain Office,OTHER,2005,11,5,3,0,0,1,1,0,1,0,0,0,0,0,Race
8/6/2015,Region 6,New Britain Office,WHITE,2005,110,51,19,3,1,4,7,6,16,0,0,0,1,2,Race
8/6/2015,Other,Other,BLACK,2006,71,4,0,0,0,2,0,0,30,0,0,34,1,0,Race
8/6/2015,Other,Other,HISPANIC,2006,34,2,2,0,0,0,0,0,19,0,0,11,0,0,Race
8/6/2015,Other,Other,OTHER,2006,24,2,0,0,0,0,0,0,14,0,0,8,0,0,Race
8/6/2015,Other,Other,WHITE,2006,40,3,0,0,0,2,0,0,27,0,0,7,0,1,Race
8/6/2015,Region 1,Bridgeport Office,BLACK,2006,95,30,21,6,3,16,3,1,10,1,1,2,0,1,Race
8/6/2015,Region 1,Bridgeport Office,HISPANIC,2006,86,42,18,0,2,9,3,0,9,0,0,2,1,0,Race
8/6/2015,Region 1,Bridgeport Office,OTHER,2006,15,9,1,0,1,2,1,1,0,0,0,0,0,0,Race
8/6/2015,Region 1,Bridgeport Office,WHITE,2006,28,14,3,0,1,3,2,1,4,0,0,0,0,0,Race
8/6/2015,Region 1,Norwalk Office,BLACK,2006,35,10,6,4,2,3,5,2,2,0,1,0,0,0,Race
8/6/2015,Region 1,Norwalk Office,HISPANIC,2006,13,3,5,1,0,2,0,0,1,0,0,0,1,0,Race
8/6/2015,Region 1,Norwalk Office,OTHER,2006,8,4,0,0,0,3,1,0,0,0,0,0,0,0,Race
8/6/2015,Region 1,Norwalk Office,WHITE,2006,13,5,3,1,0,0,0,0,3,0,0,1,0,0,Race
8/6/2015,Region 1,Stamford Office,BLACK,2006,33,4,15,1,0,4,2,3,3,0,0,0,0,1,Race
8/6/2015,Region 1,Stamford Office,HISPANIC,2006,5,1,0,0,0,1,2,1,0,0,0,0,0,0,Race
8/6/2015,Region 1,Stamford Office,OTHER,2006,6,1,1,0,0,3,0,0,1,0,0,0,0,0,Race
8/6/2015,Region 1,Stamford Office,WHITE,2006,17,5,4,2,1,1,1,0,3,0,0,0,0,0,Race
8/6/2015,Region 2,Milford Office,BLACK,2006,53,21,5,2,6,7,0,1,10,1,0,0,0,0,Race
8/6/2015,Region 2,Milford Office,HISPANIC,2006,28,18,4,0,2,2,0,0,2,0,0,0,0,0,Race
8/6/2015,Region 2,Milford Office,OTHER,2006,17,7,2,0,1,2,2,0,3,0,0,0,0,0,Race
8/6/2015,Region 2,Milford Office,WHITE,2006,88,37,16,2,0,12,3,2,16,0,0,0,0,0,Race
8/6/2015,Region 2,New Haven Office,BLACK,2006,206,89,33,0,14,25,5,0,22,3,0,10,0,5,Race
8/6/2015,Region 2,New Haven Office,HISPANIC,2006,80,35,3,1,8,18,4,0,7,0,2,2,0,0,Race
8/6/2015,Region 2,New Haven Office,OTHER,2006,24,4,5,0,2,10,1,0,2,0,0,0,0,0,Race
8/6/2015,Region 2,New Haven Office,WHITE,2006,22,8,2,0,2,6,0,0,4,0,0,0,0,0,Race
8/6/2015,Region 3,Middletown Office,BLACK,2006,27,10,7,1,0,4,2,0,3,0,0,0,0,0,Race
8/6/2015,Region 3,Middletown Office,HISPANIC,2006,10,0,6,0,0,3,1,0,0,0,0,0,0,0,Race
8/6/2015,Region 3,Middletown Office,OTHER,2006,6,5,0,0,0,0,0,0,1,0,0,0,0,0,Race
8/6/2015,Region 3,Middletown Office,WHITE,2006,68,16,9,1,5,11,3,3,15,2,1,0,1,1,Race
8/6/2015,Region 3,Norwich Office,BLACK,2006,58,25,11,1,1,11,2,0,4,0,0,0,3,0,Race
8/6/2015,Region 3,Norwich Office,HISPANIC,2006,31,20,3,1,0,6,1,0,0,0,0,0,0,0,Race
8/6/2015,Region 3,Norwich Office,OTHER,2006,44,19,9,0,0,12,0,0,2,0,0,0,2,0,Race
8/6/2015,Region 3,Norwich Office,WHITE,2006,141,59,28,2,2,17,5,2,12,1,2,1,9,1,Race
8/6/2015,Region 3,Willimantic Office,BLACK,2006,7,3,1,2,0,1,0,0,0,0,0,0,0,0,Race
8/6/2015,Region 3,Willimantic Office,HISPANIC,2006,34,19,3,1,0,6,4,0,1,0,0,0,0,0,Race
8/6/2015,Region 3,Willimantic Office,OTHER,2006,12,4,5,0,0,1,1,0,1,0,0,0,0,0,Race
8/6/2015,Region 3,Willimantic Office,WHITE,2006,118,51,13,10,1,24,4,1,12,1,1,0,0,0,Race
8/6/2015,Region 4,Hartford Office,BLACK,2006,148,56,28,4,2,28,4,3,5,1,5,4,6,2,Race
8/6/2015,Region 4,Hartford Office,HISPANIC,2006,206,95,25,5,5,40,7,6,15,1,2,1,3,1,Race
8/6/2015,Region 4,Hartford Office,OTHER,2006,39,21,5,0,0,5,1,0,5,0,0,0,2,0,Race
8/6/2015,Region 4,Hartford Office,WHITE,2006,34,10,10,1,0,4,2,1,4,0,0,0,2,0,Race
8/6/2015,Region 4,Manchester Office,BLACK,2006,78,43,12,0,0,8,4,3,6,0,0,1,0,1,Race
8/6/2015,Region 4,Manchester Office,HISPANIC,2006,69,44,11,0,0,9,0,0,1,1,1,1,1,0,Race
8/6/2015,Region 4,Manchester Office,OTHER,2006,14,9,2,0,0,0,1,0,1,0,0,0,0,1,Race
8/6/2015,Region 4,Manchester Office,WHITE,2006,144,78,20,9,1,14,4,1,11,2,0,1,3,0,Race
8/6/2015,Region 5,Danbury Office,BLACK,2006,9,4,0,1,0,2,0,0,2,0,0,0,0,0,Race
8/6/2015,Region 5,Danbury Office,HISPANIC,2006,30,18,3,0,0,2,1,0,5,1,0,0,0,0,Race
8/6/2015,Region 5,Danbury Office,OTHER,2006,9,3,5,0,0,1,0,0,0,0,0,0,0,0,Race
8/6/2015,Region 5,Danbury Office,WHITE,2006,38,16,11,0,0,4,2,0,4,0,1,0,0,0,Race
8/6/2015,Region 5,Torrington Office,BLACK,2006,4,4,0,0,0,0,0,0,0,0,0,0,0,0,Race
8/6/2015,Region 5,Torrington Office,HISPANIC,2006,14,9,3,0,0,0,0,0,0,0,0,0,2,0,Race
8/6/2015,Region 5,Torrington Office,OTHER,2006,12,8,0,0,0,1,1,0,2,0,0,0,0,0,Race
8/6/2015,Region 5,Torrington Office,WHITE,2006,92,56,6,2,0,4,2,4,13,1,1,0,3,0,Race
8/6/2015,Region 5,Waterbury Office,BLACK,2006,82,56,11,1,0,4,0,2,6,0,0,2,0,0,Race
8/6/2015,Region 5,Waterbury Office,HISPANIC,2006,178,123,18,3,1,21,0,1,4,2,4,1,0,0,Race
8/6/2015,Region 5,Waterbury Office,OTHER,2006,19,13,2,0,0,1,1,0,0,0,1,1,0,0,Race
8/6/2015,Region 5,Waterbury Office,WHITE,2006,98,49,31,1,2,7,2,3,2,0,1,0,0,0,Race
8/6/2015,Region 6,Meriden Office,BLACK,2006,10,3,6,0,0,0,0,1,0,0,0,0,0,0,Race
8/6/2015,Region 6,Meriden Office,HISPANIC,2006,58,33,13,0,0,8,2,0,2,0,0,0,0,0,Race
8/6/2015,Region 6,Meriden Office,OTHER,2006,15,7,1,1,0,2,1,1,1,0,0,1,0,0,Race
8/6/2015,Region 6,Meriden Office,WHITE,2006,44,12,10,0,0,9,3,1,7,0,0,0,1,1,Race
8/6/2015,Region 6,New Britain Office,BLACK,2006,37,16,4,2,0,9,2,2,1,0,0,0,0,1,Race
8/6/2015,Region 6,New Britain Office,HISPANIC,2006,120,59,18,3,6,7,7,3,8,0,2,1,2,4,Race
8/6/2015,Region 6,New Britain Office,OTHER,2006,28,17,5,0,1,1,0,0,2,0,0,0,2,0,Race
8/6/2015,Region 6,New Britain Office,WHITE,2006,160,60,37,6,3,16,5,6,13,1,1,0,11,1,Race
8/6/2015,Other,Other,BLACK,2007,37,1,1,0,0,0,0,0,16,0,0,19,0,0,Race
8/6/2015,Other,Other,HISPANIC,2007,33,5,1,0,0,0,0,2,19,0,0,6,0,0,Race
8/6/2015,Other,Other,OTHER,2007,12,2,2,0,0,0,0,1,3,0,0,3,1,0,Race
8/6/2015,Other,Other,WHITE,2007,41,1,2,0,1,1,0,1,29,0,0,5,1,0,Race
8/6/2015,Region 1,Bridgeport Office,BLACK,2007,100,55,22,0,2,7,3,0,4,0,1,1,4,1,Race
8/6/2015,Region 1,Bridgeport Office,HISPANIC,2007,80,47,7,0,4,8,6,0,3,1,1,3,0,0,Race
8/6/2015,Region 1,Bridgeport Office,OTHER,2007,10,7,0,0,0,1,1,0,1,0,0,0,0,0,Race
8/6/2015,Region 1,Bridgeport Office,WHITE,2007,38,17,4,0,1,4,0,0,9,0,1,0,2,0,Race
8/6/2015,Region 1,Norwalk Office,BLACK,2007,33,13,8,2,6,1,1,0,1,1,0,0,0,0,Race
8/6/2015,Region 1,Norwalk Office,HISPANIC,2007,18,11,2,1,0,1,1,0,0,0,1,0,1,0,Race
8/6/2015,Region 1,Norwalk Office,OTHER,2007,8,2,0,0,0,5,0,0,0,0,0,0,1,0,Race
8/6/2015,Region 1,Norwalk Office,WHITE,2007,7,1,1,0,0,3,1,0,1,0,0,0,0,0,Race
8/6/2015,Region 1,Stamford Office,BLACK,2007,22,8,2,0,3,2,5,0,1,0,1,0,0,0,Race
8/6/2015,Region 1,Stamford Office,HISPANIC,2007,17,5,6,1,2,2,0,1,0,0,0,0,0,0,Race
8/6/2015,Region 1,Stamford Office,OTHER,2007,5,3,0,0,0,0,0,0,1,0,1,0,0,0,Race
8/6/2015,Region 1,Stamford Office,WHITE,2007,10,8,1,0,0,0,1,0,0,0,0,0,0,0,Race
8/6/2015,Region 2,Milford Office,BLACK,2007,47,10,8,1,6,11,5,0,4,0,0,0,0,2,Race
8/6/2015,Region 2,Milford Office,HISPANIC,2007,31,10,6,0,7,2,0,0,2,2,0,0,2,0,Race
8/6/2015,Region 2,Milford Office,OTHER,2007,12,9,1,0,0,0,0,0,2,0,0,0,0,0,Race
8/6/2015,Region 2,Milford Office,WHITE,2007,78,17,21,8,0,11,3,2,12,1,0,1,2,0,Race
8/6/2015,Region 2,New Haven Office,BLACK,2007,195,86,27,2,18,27,3,3,24,1,0,1,2,1,Race
8/6/2015,Region 2,New Haven Office,HISPANIC,2007,102,40,14,0,13,24,3,0,7,0,0,1,0,0,Race
8/6/2015,Region 2,New Haven Office,OTHER,2007,18,10,2,0,0,2,2,0,2,0,0,0,0,0,Race
8/6/2015,Region 2,New Haven Office,WHITE,2007,20,9,3,0,2,1,1,0,2,0,0,0,0,2,Race
8/6/2015,Region 3,Middletown Office,BLACK,2007,16,8,1,0,0,3,1,0,3,0,0,0,0,0,Race
8/6/2015,Region 3,Middletown Office,HISPANIC,2007,8,2,3,1,0,1,0,0,0,0,0,0,0,1,Race
8/6/2015,Region 3,Middletown Office,OTHER,2007,3,1,1,0,0,0,0,0,1,0,0,0,0,0,Race
8/6/2015,Region 3,Middletown Office,WHITE,2007,44,19,10,1,0,2,2,1,7,0,0,0,1,1,Race
8/6/2015,Region 3,Norwich Office,BLACK,2007,41,25,1,0,0,2,1,2,8,0,0,0,2,0,Race
8/6/2015,Region 3,Norwich Office,HISPANIC,2007,44,26,5,0,0,7,0,0,1,0,0,0,4,1,Race
8/6/2015,Region 3,Norwich Office,OTHER,2007,31,18,4,0,0,4,0,0,0,0,0,0,5,0,Race
8/6/2015,Region 3,Norwich Office,WHITE,2007,118,49,19,4,0,20,4,0,12,0,0,0,10,0,Race
8/6/2015,Region 3,Willimantic Office,BLACK,2007,6,6,0,0,0,0,0,0,0,0,0,0,0,0,Race
8/6/2015,Region 3,Willimantic Office,HISPANIC,2007,28,11,6,0,0,8,2,0,0,0,0,0,1,0,Race
8/6/2015,Region 3,Willimantic Office,OTHER,2007,20,10,2,2,0,4,0,1,1,0,0,0,0,0,Race
8/6/2015,Region 3,Willimantic Office,WHITE,2007,86,41,8,5,0,13,5,0,11,0,2,0,0,1,Race
8/6/2015,Region 4,Hartford Office,BLACK,2007,152,70,29,9,3,20,3,2,5,2,2,2,2,3,Race
8/6/2015,Region 4,Hartford Office,HISPANIC,2007,220,96,41,7,4,38,8,5,14,0,0,1,5,1,Race
8/6/2015,Region 4,Hartford Office,OTHER,2007,12,4,1,0,2,2,1,0,2,0,0,0,0,0,Race
8/6/2015,Region 4,Hartford Office,WHITE,2007,27,10,9,0,1,2,1,0,4,0,0,0,0,0,Race
8/6/2015,Region 4,Manchester Office,BLACK,2007,58,31,5,0,0,9,4,3,4,0,1,1,0,0,Race
8/6/2015,Region 4,Manchester Office,HISPANIC,2007,55,28,7,0,0,9,3,1,5,0,0,0,1,1,Race
8/6/2015,Region 4,Manchester Office,OTHER,2007,23,13,2,3,0,3,0,0,1,0,0,0,0,1,Race
8/6/2015,Region 4,Manchester Office,WHITE,2007,149,75,29,7,1,18,3,0,15,0,1,0,0,0,Race
8/6/2015,Region 5,Danbury Office,BLACK,2007,4,0,0,0,0,3,0,0,1,0,0,0,0,0,Race
8/6/2015,Region 5,Danbury Office,HISPANIC,2007,19,7,2,0,0,6,0,0,3,0,1,0,0,0,Race
8/6/2015,Region 5,Danbury Office,OTHER,2007,6,6,0,0,0,0,0,0,0,0,0,0,0,0,Race
8/6/2015,Region 5,Danbury Office,WHITE,2007,38,17,9,3,1,0,1,0,5,0,1,0,1,0,Race
8/6/2015,Region 5,Torrington Office,BLACK,2007,2,1,1,0,0,0,0,0,0,0,0,0,0,0,Race
8/6/2015,Region 5,Torrington Office,HISPANIC,2007,13,10,0,0,0,2,0,0,1,0,0,0,0,0,Race
8/6/2015,Region 5,Torrington Office,OTHER,2007,16,13,1,0,1,1,0,0,0,0,0,0,0,0,Race
8/6/2015,Region 5,Torrington Office,WHITE,2007,85,42,19,3,0,5,0,0,6,1,1,0,8,0,Race
8/6/2015,Region 5,Waterbury Office,BLACK,2007,87,48,13,2,3,6,2,2,7,1,0,1,0,2,Race
8/6/2015,Region 5,Waterbury Office,HISPANIC,2007,140,90,30,1,0,8,1,3,7,0,0,0,0,0,Race
8/6/2015,Region 5,Waterbury Office,OTHER,2007,22,16,3,0,0,1,0,0,2,0,0,0,0,0,Race
8/6/2015,Region 5,Waterbury Office,WHITE,2007,67,33,23,1,0,3,0,0,4,0,1,1,0,1,Race
8/6/2015,Region 6,Meriden Office,BLACK,2007,19,6,1,0,2,7,1,0,1,0,1,0,0,0,Race
8/6/2015,Region 6,Meriden Office,HISPANIC,2007,50,27,5,0,2,7,2,1,4,0,2,0,0,0,Race
8/6/2015,Region 6,Meriden Office,OTHER,2007,7,2,3,0,0,0,0,0,2,0,0,0,0,0,Race
8/6/2015,Region 6,Meriden Office,WHITE,2007,43,17,7,3,2,3,3,0,7,0,0,0,0,1,Race
8/6/2015,Region 6,New Britain Office,BLACK,2007,43,24,12,1,0,2,2,0,0,0,0,0,2,0,Race
8/6/2015,Region 6,New Britain Office,HISPANIC,2007,122,73,14,2,3,11,3,2,10,0,0,1,2,1,Race
8/6/2015,Region 6,New Britain Office,OTHER,2007,10,8,0,0,0,1,0,0,1,0,0,0,0,0,Race
8/6/2015,Region 6,New Britain Office,WHITE,2007,133,41,39,7,1,14,8,3,12,0,3,1,4,0,Race
8/6/2015,Other,Other,BLACK,2008,59,5,0,1,1,0,1,1,21,0,2,27,0,0,Race
8/6/2015,Other,Other,HISPANIC,2008,31,2,1,0,0,2,0,1,18,0,0,6,0,1,Race
8/6/2015,Other,Other,OTHER,2008,9,3,0,0,0,0,0,1,3,0,0,2,0,0,Race
8/6/2015,Other,Other,WHITE,2008,38,2,1,0,0,3,0,1,25,1,0,5,0,0,Race
8/6/2015,Region 1,Bridgeport Office,BLACK,2008,58,27,8,1,3,5,7,0,7,0,0,0,0,0,Race
8/6/2015,Region 1,Bridgeport Office,HISPANIC,2008,92,62,13,1,3,3,2,2,5,1,0,0,0,0,Race
8/6/2015,Region 1,Bridgeport Office,OTHER,2008,7,3,0,0,0,3,0,1,0,0,0,0,0,0,Race
8/6/2015,Region 1,Bridgeport Office,WHITE,2008,29,10,9,0,0,2,1,0,6,0,0,0,1,0,Race
8/6/2015,Region 1,Norwalk Office,BLACK,2008,34,12,3,2,4,7,3,0,1,1,0,0,1,0,Race
8/6/2015,Region 1,Norwalk Office,HISPANIC,2008,17,11,0,0,1,3,1,1,0,0,0,0,0,0,Race
8/6/2015,Region 1,Norwalk Office,OTHER,2008,3,2,0,0,0,1,0,0,0,0,0,0,0,0,Race
8/6/2015,Region 1,Norwalk Office,WHITE,2008,11,6,4,0,0,0,0,0,1,0,0,0,0,0,Race
8/6/2015,Region 1,Stamford Office,BLACK,2008,8,1,3,0,0,0,0,1,3,0,0,0,0,0,Race
8/6/2015,Region 1,Stamford Office,HISPANIC,2008,12,6,3,0,0,1,1,0,0,0,0,0,1,0,Race
8/6/2015,Region 1,Stamford Office,OTHER,2008,2,0,0,0,0,1,1,0,0,0,0,0,0,0,Race
8/6/2015,Region 1,Stamford Office,WHITE,2008,5,0,2,0,1,0,1,0,1,0,0,0,0,0,Race
8/6/2015,Region 2,Milford Office,BLACK,2008,23,9,1,1,1,6,2,0,2,0,1,0,0,0,Race
8/6/2015,Region 2,Milford Office,HISPANIC,2008,22,9,1,0,0,8,1,0,3,0,0,0,0,0,Race
8/6/2015,Region 2,Milford Office,OTHER,2008,10,3,1,0,0,4,0,0,2,0,0,0,0,0,Race
8/6/2015,Region 2,Milford Office,WHITE,2008,65,18,13,1,2,9,2,1,17,0,0,0,2,0,Race
8/6/2015,Region 2,New Haven Office,BLACK,2008,138,65,16,2,6,20,6,3,14,0,0,3,1,2,Race
8/6/2015,Region 2,New Haven Office,HISPANIC,2008,96,41,5,0,1,31,3,0,9,1,2,2,0,1,Race
8/6/2015,Region 2,New Haven Office,OTHER,2008,17,13,0,0,0,3,0,0,0,0,1,0,0,0,Race
8/6/2015,Region 2,New Haven Office,WHITE,2008,28,8,4,0,0,11,2,0,2,0,0,0,0,1,Race
8/6/2015,Region 3,Middletown Office,BLACK,2008,18,7,6,0,0,3,1,0,0,1,0,0,0,0,Race
8/6/2015,Region 3,Middletown Office,HISPANIC,2008,12,8,0,0,0,1,1,0,2,0,0,0,0,0,Race
8/6/2015,Region 3,Middletown Office,OTHER,2008,6,5,0,0,0,0,0,0,1,0,0,0,0,0,Race
8/6/2015,Region 3,Middletown Office,WHITE,2008,42,16,8,1,1,1,7,2,4,0,1,0,1,0,Race
8/6/2015,Region 3,Norwich Office,BLACK,2008,60,39,4,1,0,11,0,1,2,0,0,0,2,0,Race
8/6/2015,Region 3,Norwich Office,HISPANIC,2008,40,24,5,0,1,6,0,0,1,0,0,0,3,0,Race
8/6/2015,Region 3,Norwich Office,OTHER,2008,40,29,3,0,0,4,0,1,1,0,0,0,2,0,Race
8/6/2015,Region 3,Norwich Office,WHITE,2008,127,74,17,5,1,11,2,2,5,0,1,0,9,0,Race
8/6/2015,Region 3,Willimantic Office,BLACK,2008,2,1,0,0,0,1,0,0,0,0,0,0,0,0,Race
8/6/2015,Region 3,Willimantic Office,HISPANIC,2008,29,24,1,1,0,2,0,0,0,0,1,0,0,0,Race
8/6/2015,Region 3,Willimantic Office,OTHER,2008,9,4,1,0,0,1,0,0,1,1,0,1,0,0,Race
8/6/2015,Region 3,Willimantic Office,WHITE,2008,95,49,11,4,3,9,5,2,6,0,1,1,4,0,Race
8/6/2015,Region 4,Hartford Office,BLACK,2008,141,55,27,4,6,22,8,6,8,0,0,1,2,2,Race
8/6/2015,Region 4,Hartford Office,HISPANIC,2008,181,77,26,8,1,31,10,1,17,1,1,0,7,1,Race
8/6/2015,Region 4,Hartford Office,OTHER,2008,25,8,3,1,0,3,2,1,4,0,1,0,1,1,Race
8/6/2015,Region 4,Hartford Office,WHITE,2008,42,18,5,4,0,5,3,1,4,0,1,0,1,0,Race
8/6/2015,Region 4,Manchester Office,BLACK,2008,61,29,11,1,1,12,3,0,1,1,1,0,0,1,Race
8/6/2015,Region 4,Manchester Office,HISPANIC,2008,70,42,13,0,1,7,0,1,2,0,2,0,1,1,Race
8/6/2015,Region 4,Manchester Office,OTHER,2008,21,14,4,0,0,1,2,0,0,0,0,0,0,0,Race
8/6/2015,Region 4,Manchester Office,WHITE,2008,160,90,22,5,1,14,5,3,11,0,1,0,5,3,Race
8/6/2015,Region 5,Danbury Office,BLACK,2008,3,1,1,0,0,0,0,0,1,0,0,0,0,0,Race
8/6/2015,Region 5,Danbury Office,HISPANIC,2008,14,6,3,1,0,0,0,0,1,0,1,0,2,0,Race
8/6/2015,Region 5,Danbury Office,OTHER,2008,3,1,1,0,0,0,0,0,1,0,0,0,0,0,Race
8/6/2015,Region 5,Danbury Office,WHITE,2008,40,10,2,2,0,12,1,0,8,0,1,1,3,0,Race
8/6/2015,Region 5,Torrington Office,HISPANIC,2008,11,5,4,0,0,0,0,1,1,0,0,0,0,0,Race
8/6/2015,Region 5,Torrington Office,OTHER,2008,12,8,0,1,0,1,0,0,1,0,0,0,1,0,Race
8/6/2015,Region 5,Torrington Office,WHITE,2008,73,33,10,3,0,4,5,0,9,0,3,0,6,0,Race
8/6/2015,Region 5,Waterbury Office,BLACK,2008,42,28,5,1,0,4,1,0,1,0,1,0,1,0,Race
8/6/2015,Region 5,Waterbury Office,HISPANIC,2008,88,61,11,1,1,1,0,1,8,0,2,0,2,0,Race
8/6/2015,Region 5,Waterbury Office,OTHER,2008,34,22,7,0,0,4,0,0,1,0,0,0,0,0,Race
8/6/2015,Region 5,Waterbury Office,WHITE,2008,64,35,12,1,0,3,2,1,7,0,1,0,1,1,Race
8/6/2015,Region 6,Meriden Office,BLACK,2008,7,2,0,1,0,2,1,0,1,0,0,0,0,0,Race
8/6/2015,Region 6,Meriden Office,HISPANIC,2008,32,14,3,0,0,6,3,1,3,1,1,0,0,0,Race
8/6/2015,Region 6,Meriden Office,OTHER,2008,13,7,1,0,0,3,0,0,2,0,0,0,0,0,Race
8/6/2015,Region 6,Meriden Office,WHITE,2008,41,14,8,1,1,3,1,5,6,0,1,0,1,0,Race
8/6/2015,Region 6,New Britain Office,BLACK,2008,38,22,4,2,1,6,1,0,1,0,0,0,0,1,Race
8/6/2015,Region 6,New Britain Office,HISPANIC,2008,72,32,11,4,2,8,3,3,6,0,0,0,2,1,Race
8/6/2015,Region 6,New Britain Office,OTHER,2008,20,11,2,2,0,2,1,1,1,0,0,0,0,0,Race
8/6/2015,Region 6,New Britain Office,WHITE,2008,135,54,38,5,0,8,4,3,15,1,1,0,4,2,Race
8/6/2015,Other,Other,BLACK,2009,55,5,0,0,0,0,1,2,21,0,0,25,1,0,Race
8/6/2015,Other,Other,HISPANIC,2009,43,2,1,0,0,0,0,0,26,1,0,13,0,0,Race
8/6/2015,Other,Other,OTHER,2009,9,1,0,0,0,0,0,1,4,0,0,3,0,0,Race
8/6/2015,Other,Other,WHITE,2009,43,4,1,0,0,1,0,4,22,0,1,10,0,0,Race
8/6/2015,Region 1,Bridgeport Office,BLACK,2009,78,41,4,5,0,13,8,1,2,2,1,1,0,0,Race
8/6/2015,Region 1,Bridgeport Office,HISPANIC,2009,96,45,7,1,0,27,9,1,3,0,0,2,1,0,Race
8/6/2015,Region 1,Bridgeport Office,OTHER,2009,9,5,0,0,0,0,2,0,2,0,0,0,0,0,Race
8/6/2015,Region 1,Bridgeport Office,WHITE,2009,28,15,1,0,2,4,2,1,3,0,0,0,0,0,Race
8/6/2015,Region 1,Norwalk Office,BLACK,2009,34,13,1,0,4,8,3,1,2,0,1,1,0,0,Race
8/6/2015,Region 1,Norwalk Office,HISPANIC,2009,30,12,3,0,3,5,6,0,0,1,0,0,0,0,Race
8/6/2015,Region 1,Norwalk Office,OTHER,2009,2,1,0,0,0,0,0,0,0,1,0,0,0,0,Race
8/6/2015,Region 1,Norwalk Office,WHITE,2009,23,5,3,0,1,8,3,0,1,0,0,1,1,0,Race
8/6/2015,Region 1,Stamford Office,BLACK,2009,6,2,1,0,0,1,1,1,0,0,0,0,0,0,Race
8/6/2015,Region 1,Stamford Office,HISPANIC,2009,31,16,2,0,4,6,1,0,0,0,0,0,1,1,Race
8/6/2015,Region 1,Stamford Office,OTHER,2009,1,0,1,0,0,0,0,0,0,0,0,0,0,0,Race
8/6/2015,Region 1,Stamford Office,WHITE,2009,7,0,1,1,0,1,1,0,3,0,0,0,0,0,Race
8/6/2015,Region 2,Milford Office,BLACK,2009,48,28,2,1,1,6,4,0,4,0,0,0,2,0,Race
8/6/2015,Region 2,Milford Office,HISPANIC,2009,19,11,2,0,0,1,1,2,1,0,0,0,0,1,Race
8/6/2015,Region 2,Milford Office,OTHER,2009,8,6,0,0,0,1,0,0,1,0,0,0,0,0,Race
8/6/2015,Region 2,Milford Office,WHITE,2009,77,38,10,1,0,10,2,0,14,1,1,0,0,0,Race
8/6/2015,Region 2,New Haven Office,BLACK,2009,140,71,15,4,3,15,7,7,10,0,1,3,1,3,Race
8/6/2015,Region 2,New Haven Office,HISPANIC,2009,81,45,11,0,2,14,2,0,5,0,1,0,1,0,Race
8/6/2015,Region 2,New Haven Office,OTHER,2009,18,11,0,0,1,1,2,0,2,0,0,0,1,0,Race
8/6/2015,Region 2,New Haven Office,WHITE,2009,34,25,1,0,1,2,2,0,2,0,0,0,1,0,Race
8/6/2015,Region 3,Middletown Office,BLACK,2009,11,4,2,0,0,2,2,0,1,0,0,0,0,0,Race
8/6/2015,Region 3,Middletown Office,HISPANIC,2009,6,2,0,0,0,2,0,0,1,0,1,0,0,0,Race
8/6/2015,Region 3,Middletown Office,OTHER,2009,13,6,1,0,0,3,1,0,2,0,0,0,0,0,Race
8/6/2015,Region 3,Middletown Office,WHITE,2009,39,11,9,0,1,6,1,1,6,0,2,0,2,0,Race
8/6/2015,Region 3,Norwich Office,BLACK,2009,56,28,14,2,0,6,2,0,1,0,0,0,3,0,Race
8/6/2015,Region 3,Norwich Office,HISPANIC,2009,66,38,3,5,0,12,1,0,3,0,0,0,4,0,Race
8/6/2015,Region 3,Norwich Office,OTHER,2009,42,26,0,3,0,6,1,0,2,0,0,0,4,0,Race
8/6/2015,Region 3,Norwich Office,WHITE,2009,131,54,24,4,1,13,2,2,10,1,1,1,18,0,Race
8/6/2015,Region 3,Willimantic Office,BLACK,2009,6,2,0,0,0,4,0,0,0,0,0,0,0,0,Race
8/6/2015,Region 3,Willimantic Office,HISPANIC,2009,17,8,1,2,0,4,1,1,0,0,0,0,0,0,Race
8/6/2015,Region 3,Willimantic Office,OTHER,2009,8,2,1,0,0,3,0,0,2,0,0,0,0,0,Race
8/6/2015,Region 3,Willimantic Office,WHITE,2009,107,49,10,2,5,23,5,1,9,1,0,1,1,0,Race
8/6/2015,Region 4,Hartford Office,BLACK,2009,168,68,24,5,3,29,8,4,15,3,3,1,3,2,Race
8/6/2015,Region 4,Hartford Office,HISPANIC,2009,190,96,18,1,3,37,13,4,11,0,3,1,2,1,Race
8/6/2015,Region 4,Hartford Office,OTHER,2009,8,4,1,0,0,0,0,0,0,0,1,0,2,0,Race
8/6/2015,Region 4,Hartford Office,WHITE,2009,20,11,3,0,1,1,1,0,2,0,0,0,1,0,Race
8/6/2015,Region 4,Manchester Office,BLACK,2009,60,33,7,0,0,11,1,4,2,0,0,1,0,1,Race
8/6/2015,Region 4,Manchester Office,HISPANIC,2009,56,27,6,1,0,15,2,0,1,1,2,1,0,0,Race
8/6/2015,Region 4,Manchester Office,OTHER,2009,19,10,2,0,0,6,1,0,0,0,0,0,0,0,Race
8/6/2015,Region 4,Manchester Office,WHITE,2009,113,48,19,2,0,24,12,0,6,0,0,0,2,0,Race
8/6/2015,Region 5,Danbury Office,BLACK,2009,8,1,0,0,0,3,1,0,1,0,0,0,1,1,Race
8/6/2015,Region 5,Danbury Office,HISPANIC,2009,17,7,1,0,1,4,2,0,0,0,0,0,2,0,Race
8/6/2015,Region 5,Danbury Office,OTHER,2009,4,1,2,0,0,0,0,0,0,0,0,0,1,0,Race
8/6/2015,Region 5,Danbury Office,WHITE,2009,41,16,9,3,0,3,2,1,2,0,1,0,4,0,Race
8/6/2015,Region 5,Torrington Office,BLACK,2009,8,6,0,0,0,0,1,1,0,0,0,0,0,0,Race
8/6/2015,Region 5,Torrington Office,HISPANIC,2009,14,11,0,0,0,2,1,0,0,0,0,0,0,0,Race
8/6/2015,Region 5,Torrington Office,OTHER,2009,16,11,4,0,0,0,0,0,1,0,0,0,0,0,Race
8/6/2015,Region 5,Torrington Office,WHITE,2009,82,39,12,3,2,4,6,1,10,0,3,0,2,0,Race
8/6/2015,Region 5,Waterbury Office,BLACK,2009,44,29,1,0,0,10,2,1,1,0,0,0,0,0,Race
8/6/2015,Region 5,Waterbury Office,HISPANIC,2009,98,66,7,0,0,16,3,0,4,0,1,0,1,0,Race
8/6/2015,Region 5,Waterbury Office,OTHER,2009,15,6,2,0,0,3,1,0,2,0,1,0,0,0,Race
8/6/2015,Region 5,Waterbury Office,WHITE,2009,68,30,9,2,0,10,2,0,12,1,2,0,0,0,Race
8/6/2015,Region 6,Meriden Office,BLACK,2009,14,6,2,0,0,2,2,1,1,0,0,0,0,0,Race
8/6/2015,Region 6,Meriden Office,HISPANIC,2009,54,21,8,0,2,13,2,0,3,1,0,2,1,1,Race
8/6/2015,Region 6,Meriden Office,OTHER,2009,9,1,2,0,1,4,1,0,0,0,0,0,0,0,Race
8/6/2015,Region 6,Meriden Office,WHITE,2009,33,7,9,1,0,6,2,0,6,1,1,0,0,0,Race
8/6/2015,Region 6,New Britain Office,BLACK,2009,35,15,6,0,3,5,2,1,3,0,0,0,0,0,Race
8/6/2015,Region 6,New Britain Office,HISPANIC,2009,83,42,12,3,2,14,1,3,4,0,1,1,0,0,Race
8/6/2015,Region 6,New Britain Office,OTHER,2009,22,11,2,0,0,8,0,0,0,0,0,0,0,1,Race
8/6/2015,Region 6,New Britain Office,WHITE,2009,84,32,10,5,3,10,7,0,13,2,1,0,1,0,Race
8/6/2015,Other,Other,BLACK,2010,58,2,0,0,0,0,0,10,24,0,0,22,0,0,Race
8/6/2015,Other,Other,HISPANIC,2010,41,4,1,0,0,2,0,2,18,0,0,14,0,0,Race
8/6/2015,Other,Other,OTHER,2010,6,0,0,0,0,3,0,0,2,0,0,1,0,0,Race
8/6/2015,Other,Other,WHITE,2010,31,0,0,0,0,0,0,2,23,0,0,6,0,0,Race
8/6/2015,Region 1,Bridgeport Office,BLACK,2010,73,27,13,2,3,8,11,1,5,0,0,2,1,0,Race
8/6/2015,Region 1,Bridgeport Office,HISPANIC,2010,78,36,12,0,6,14,5,0,3,0,1,0,1,0,Race
8/6/2015,Region 1,Bridgeport Office,OTHER,2010,13,5,5,1,2,0,0,0,0,0,0,0,0,0,Race
8/6/2015,Region 1,Bridgeport Office,WHITE,2010,29,8,7,1,0,6,3,0,3,0,0,0,1,0,Race
8/6/2015,Region 1,Norwalk Office,BLACK,2010,18,4,2,0,2,5,1,0,1,0,1,1,1,0,Race
8/6/2015,Region 1,Norwalk Office,HISPANIC,2010,12,3,2,0,1,3,2,0,0,0,0,0,1,0,Race
8/6/2015,Region 1,Norwalk Office,OTHER,2010,1,1,0,0,0,0,0,0,0,0,0,0,0,0,Race
8/6/2015,Region 1,Norwalk Office,WHITE,2010,11,1,0,0,4,2,2,0,2,0,0,0,0,0,Race
8/6/2015,Region 1,Stamford Office,BLACK,2010,11,6,0,0,2,0,2,0,0,0,0,0,0,1,Race
8/6/2015,Region 1,Stamford Office,HISPANIC,2010,11,8,0,0,0,2,1,0,0,0,0,0,0,0,Race
8/6/2015,Region 1,Stamford Office,OTHER,2010,1,0,0,0,0,0,1,0,0,0,0,0,0,0,Race
8/6/2015,Region 1,Stamford Office,WHITE,2010,5,0,2,0,0,0,1,0,2,0,0,0,0,0,Race
8/6/2015,Region 2,Milford Office,BLACK,2010,31,7,3,1,1,5,6,1,4,0,1,0,0,2,Race
8/6/2015,Region 2,Milford Office,HISPANIC,2010,24,10,1,0,1,6,2,1,3,0,0,0,0,0,Race
8/6/2015,Region 2,Milford Office,OTHER,2010,13,6,0,0,3,4,0,0,0,0,0,0,0,0,Race
8/6/2015,Region 2,Milford Office,WHITE,2010,44,13,7,1,0,7,1,0,11,0,1,1,1,1,Race
8/6/2015,Region 2,New Haven Office,BLACK,2010,121,49,21,0,4,19,8,2,10,1,1,0,1,5,Race
8/6/2015,Region 2,New Haven Office,HISPANIC,2010,61,29,5,0,2,9,6,3,4,0,0,1,1,1,Race
8/6/2015,Region 2,New Haven Office,OTHER,2010,9,4,2,0,1,2,0,0,0,0,0,0,0,0,Race
8/6/2015,Region 2,New Haven Office,WHITE,2010,22,11,3,0,2,3,0,3,0,0,0,0,0,0,Race
8/6/2015,Region 3,Middletown Office,BLACK,2010,12,6,0,0,1,1,2,1,1,0,0,0,0,0,Race
8/6/2015,Region 3,Middletown Office,HISPANIC,2010,10,4,5,0,0,0,0,0,1,0,0,0,0,0,Race
8/6/2015,Region 3,Middletown Office,OTHER,2010,5,3,0,0,0,0,1,0,0,0,0,1,0,0,Race
8/6/2015,Region 3,Middletown Office,WHITE,2010,60,27,12,1,0,9,2,0,7,0,1,0,0,1,Race
8/6/2015,Region 3,Norwich Office,BLACK,2010,32,17,4,0,0,5,0,0,3,0,0,0,3,0,Race
8/6/2015,Region 3,Norwich Office,HISPANIC,2010,54,29,3,1,1,3,4,2,3,0,0,1,7,0,Race
8/6/2015,Region 3,Norwich Office,OTHER,2010,44,26,5,1,0,5,1,0,1,0,0,1,4,0,Race
8/6/2015,Region 3,Norwich Office,WHITE,2010,124,64,4,4,2,23,5,1,10,0,0,1,10,0,Race
8/6/2015,Region 3,Willimantic Office,BLACK,2010,3,3,0,0,0,0,0,0,0,0,0,0,0,0,Race
8/6/2015,Region 3,Willimantic Office,HISPANIC,2010,16,11,0,0,0,2,1,0,0,0,2,0,0,0,Race
8/6/2015,Region 3,Willimantic Office,OTHER,2010,4,1,1,0,0,2,0,0,0,0,0,0,0,0,Race
8/6/2015,Region 3,Willimantic Office,WHITE,2010,87,46,5,0,3,18,4,1,6,0,1,0,2,1,Race
8/6/2015,Region 4,Hartford Office,BLACK,2010,141,83,18,2,3,22,5,1,3,0,1,0,0,3,Race
8/6/2015,Region 4,Hartford Office,HISPANIC,2010,210,125,10,4,1,35,9,8,10,0,2,1,2,3,Race
8/6/2015,Region 4,Hartford Office,OTHER,2010,29,22,2,1,0,1,2,0,0,0,1,0,0,0,Race
8/6/2015,Region 4,Hartford Office,WHITE,2010,30,11,8,1,0,3,3,1,1,0,0,0,1,1,Race
8/6/2015,Region 4,Manchester Office,BLACK,2010,33,15,2,0,0,11,3,0,1,0,0,0,1,0,Race
8/6/2015,Region 4,Manchester Office,HISPANIC,2010,49,25,10,1,0,6,1,1,4,0,0,1,0,0,Race
8/6/2015,Region 4,Manchester Office,OTHER,2010,17,12,3,1,0,0,0,0,0,0,0,0,1,0,Race
8/6/2015,Region 4,Manchester Office,WHITE,2010,112,37,32,1,3,13,9,1,13,0,1,0,2,0,Race
8/6/2015,Region 5,Danbury Office,BLACK,2010,7,4,0,0,0,1,2,0,0,0,0,0,0,0,Race
8/6/2015,Region 5,Danbury Office,HISPANIC,2010,16,11,0,0,0,4,0,0,1,0,0,0,0,0,Race
8/6/2015,Region 5,Danbury Office,OTHER,2010,9,2,4,0,0,3,0,0,0,0,0,0,0,0,Race
8/6/2015,Region 5,Danbury Office,WHITE,2010,32,14,3,0,1,6,2,0,3,0,0,0,3,0,Race
8/6/2015,Region 5,Torrington Office,BLACK,2010,2,1,0,0,0,1,0,0,0,0,0,0,0,0,Race
8/6/2015,Region 5,Torrington Office,HISPANIC,2010,11,5,2,1,0,1,1,0,0,0,1,0,0,0,Race
8/6/2015,Region 5,Torrington Office,OTHER,2010,9,5,0,0,0,3,1,0,0,0,0,0,0,0,Race
8/6/2015,Region 5,Torrington Office,WHITE,2010,66,38,4,1,1,11,1,1,3,0,0,0,6,0,Race
8/6/2015,Region 5,Waterbury Office,BLACK,2010,57,29,7,0,0,15,1,1,2,0,0,2,0,0,Race
8/6/2015,Region 5,Waterbury Office,HISPANIC,2010,83,51,6,1,0,13,4,4,1,0,1,0,2,0,Race
8/6/2015,Region 5,Waterbury Office,OTHER,2010,30,14,2,2,0,9,1,0,1,0,1,0,0,0,Race
8/6/2015,Region 5,Waterbury Office,WHITE,2010,47,20,14,0,0,5,1,1,3,0,0,0,3,0,Race
8/6/2015,Region 6,Meriden Office,BLACK,2010,18,9,0,0,0,5,1,0,3,0,0,0,0,0,Race
8/6/2015,Region 6,Meriden Office,HISPANIC,2010,38,18,7,0,3,3,4,0,0,0,1,0,2,0,Race
8/6/2015,Region 6,Meriden Office,OTHER,2010,5,2,0,0,0,2,0,0,1,0,0,0,0,0,Race
8/6/2015,Region 6,Meriden Office,WHITE,2010,33,7,10,4,0,7,0,0,4,0,0,1,0,0,Race
8/6/2015,Region 6,New Britain Office,BLACK,2010,28,14,2,0,0,5,6,0,0,0,1,0,0,0,Race
8/6/2015,Region 6,New Britain Office,HISPANIC,2010,86,36,12,1,1,19,7,1,3,0,3,0,3,0,Race
8/6/2015,Region 6,New Britain Office,OTHER,2010,21,12,4,1,0,3,0,0,1,0,0,0,0,0,Race
8/6/2015,Region 6,New Britain Office,WHITE,2010,92,32,16,6,3,13,4,1,10,0,0,0,7,0,Race
9/19/2017,Region 0,Aftercare,Hispanic,2011,5,0,0,0,0,0,0,0,1,0,0,4,0,0,Race
9/19/2017,Region 0,Aftercare,Non-Hispanic Black,2011,5,0,0,0,0,0,0,0,2,0,0,3,0,0,Race
9/19/2017,Region 0,Aftercare,Non-Hispanic Other,2011,1,0,0,0,0,0,0,0,0,0,0,1,0,0,Race
9/19/2017,Region 0,Aftercare,Non-Hispanic White,2011,3,0,0,0,0,0,0,0,2,0,0,1,0,0,Race
9/19/2017,Region 0,Gen'l Administration,Hispanic,2011,14,1,0,0,0,0,0,0,4,0,0,9,0,0,Race
9/19/2017,Region 0,Gen'l Administration,Non-Hispanic Black,2011,26,0,0,0,0,0,0,1,9,0,0,16,0,0,Race
9/19/2017,Region 0,Gen'l Administration,Non-Hispanic Other,2011,1,0,0,0,0,0,0,0,0,0,0,1,0,0,Race
9/19/2017,Region 0,Gen'l Administration,Non-Hispanic White,2011,9,0,0,0,0,0,0,0,6,0,0,3,0,0,Race
9/19/2017,Region 0,Treatment Services,Non-Hispanic White,2011,1,0,0,0,0,0,0,1,0,0,0,0,0,0,Race
9/19/2017,Region 0,Unassigned_Office,Hispanic,2011,19,1,0,0,0,0,0,1,7,0,0,10,0,0,Race
9/19/2017,Region 0,Unassigned_Office,Non-Hispanic Black,2011,20,0,3,0,0,0,0,2,5,0,0,10,0,0,Race
9/19/2017,Region 0,Unassigned_Office,Non-Hispanic Other,2011,3,0,0,0,1,0,0,0,0,0,0,2,0,0,Race
9/19/2017,Region 0,Unassigned_Office,Non-Hispanic White,2011,20,2,0,0,0,0,0,3,14,0,0,1,0,0,Race
9/19/2017,Region 1,Bridgeport Office,Hispanic,2011,86,46,19,0,1,7,4,1,6,0,0,2,0,0,Race
9/19/2017,Region 1,Bridgeport Office,Non-Hispanic Black,2011,86,33,31,1,4,4,2,0,9,0,0,2,0,0,Race
9/19/2017,Region 1,Bridgeport Office,Non-Hispanic Other,2011,11,9,0,0,1,1,0,0,0,0,0,0,0,0,Race
9/19/2017,Region 1,Bridgeport Office,Non-Hispanic White,2011,32,16,8,0,0,3,1,0,3,0,0,0,1,0,Race
9/19/2017,Region 1,Norwalk Office,Hispanic,2011,17,8,1,1,0,2,1,0,3,0,1,0,0,0,Race
9/19/2017,Region 1,Norwalk Office,Non-Hispanic Black,2011,19,9,0,0,1,6,3,0,0,0,0,0,0,0,Race
9/19/2017,Region 1,Norwalk Office,Non-Hispanic Other,2011,4,3,0,0,0,0,0,0,1,0,0,0,0,0,Race
9/19/2017,Region 1,Norwalk Office,Non-Hispanic White,2011,7,1,4,2,0,0,0,0,0,0,0,0,0,0,Race
9/19/2017,Region 1,Stamford Office,Hispanic,2011,17,8,0,2,0,3,1,0,2,0,0,0,1,0,Race
9/19/2017,Region 1,Stamford Office,Non-Hispanic Black,2011,10,3,0,0,1,1,3,0,2,0,0,0,0,0,Race
9/19/2017,Region 1,Stamford Office,Non-Hispanic Other,2011,3,0,0,0,0,3,0,0,0,0,0,0,0,0,Race
9/19/2017,Region 1,Stamford Office,Non-Hispanic White,2011,4,4,0,0,0,0,0,0,0,0,0,0,0,0,Race
9/19/2017,Region 2,Milford Office,Hispanic,2011,29,23,3,0,0,2,0,0,1,0,0,0,0,0,Race
9/19/2017,Region 2,Milford Office,Non-Hispanic Black,2011,25,8,4,0,2,5,4,1,1,0,0,0,0,0,Race
9/19/2017,Region 2,Milford Office,Non-Hispanic Other,2011,14,8,0,0,1,3,1,0,0,0,0,0,1,0,Race
9/19/2017,Region 2,Milford Office,Non-Hispanic White,2011,68,21,17,2,0,3,12,2,11,0,0,0,0,0,Race
9/19/2017,Region 2,New Haven Office,Hispanic,2011,83,28,11,3,5,16,5,3,10,0,0,2,0,0,Race
9/19/2017,Region 2,New Haven Office,Non-Hispanic Black,2011,93,42,14,4,1,10,8,2,7,0,0,3,0,2,Race
9/19/2017,Region 2,New Haven Office,Non-Hispanic Other,2011,16,14,0,0,0,2,0,0,0,0,0,0,0,0,Race
9/19/2017,Region 2,New Haven Office,Non-Hispanic White,2011,20,11,3,0,0,0,1,1,3,0,0,0,1,0,Race
9/19/2017,Region 3,Middletown Office,Hispanic,2011,20,6,6,2,0,5,0,0,1,0,0,0,0,0,Race
9/19/2017,Region 3,Middletown Office,Non-Hispanic Black,2011,21,8,7,0,0,5,1,0,0,0,0,0,0,0,Race
9/19/2017,Region 3,Middletown Office,Non-Hispanic Other,2011,10,3,4,0,0,3,0,0,0,0,0,0,0,0,Race
9/19/2017,Region 3,Middletown Office,Non-Hispanic White,2011,52,22,15,0,0,5,4,0,3,0,1,0,1,1,Race
9/19/2017,Region 3,Norwich Office,Hispanic,2011,34,19,4,0,0,0,2,1,7,0,0,1,0,0,Race
9/19/2017,Region 3,Norwich Office,Non-Hispanic Black,2011,47,22,3,0,1,10,3,1,3,0,0,1,3,0,Race
9/19/2017,Region 3,Norwich Office,Non-Hispanic Other,2011,25,12,5,1,0,1,2,0,0,0,0,0,4,0,Race
9/19/2017,Region 3,Norwich Office,Non-Hispanic White,2011,116,58,17,3,0,5,3,0,12,0,0,2,16,0,Race
9/19/2017,Region 3,Willimantic Office,Hispanic,2011,22,13,6,2,0,0,1,0,0,0,0,0,0,0,Race
9/19/2017,Region 3,Willimantic Office,Non-Hispanic Black,2011,4,3,0,0,0,0,1,0,0,0,0,0,0,0,Race
9/19/2017,Region 3,Willimantic Office,Non-Hispanic Other,2011,8,5,1,0,0,0,2,0,0,0,0,0,0,0,Race
9/19/2017,Region 3,Willimantic Office,Non-Hispanic White,2011,64,32,11,1,3,4,3,1,3,0,1,1,4,0,Race
9/19/2017,Region 4,Hartford Office,Hispanic,2011,204,129,22,3,2,14,13,4,8,0,5,1,2,1,Race
9/19/2017,Region 4,Hartford Office,Non-Hispanic Black,2011,172,103,39,2,2,6,6,0,4,0,1,1,5,3,Race
9/19/2017,Region 4,Hartford Office,Non-Hispanic Other,2011,23,16,1,2,1,1,0,0,1,0,0,0,1,0,Race
9/19/2017,Region 4,Hartford Office,Non-Hispanic White,2011,19,10,3,0,0,1,0,2,0,0,0,0,3,0,Race
9/19/2017,Region 4,Manchester Office,Hispanic,2011,54,27,9,1,1,2,7,2,4,0,0,0,1,0,Race
9/19/2017,Region 4,Manchester Office,Non-Hispanic Black,2011,60,35,11,0,1,9,0,2,1,0,0,0,0,1,Race
9/19/2017,Region 4,Manchester Office,Non-Hispanic Other,2011,16,5,5,0,0,1,3,1,1,0,0,0,0,0,Race
9/19/2017,Region 4,Manchester Office,Non-Hispanic White,2011,112,51,22,4,2,11,8,3,4,0,3,0,4,0,Race
9/19/2017,Region 5,Danbury Office,Hispanic,2011,11,4,2,0,0,1,3,0,1,0,0,0,0,0,Race
9/19/2017,Region 5,Danbury Office,Non-Hispanic Black,2011,7,1,4,0,0,0,1,0,0,0,0,0,1,0,Race
9/19/2017,Region 5,Danbury Office,Non-Hispanic White,2011,39,16,5,0,1,4,5,1,5,0,1,0,1,0,Race
9/19/2017,Region 5,Torrington Office,Hispanic,2011,11,9,0,0,0,0,1,0,0,0,0,0,1,0,Race
9/19/2017,Region 5,Torrington Office,Non-Hispanic Black,2011,2,2,0,0,0,0,0,0,0,0,0,0,0,0,Race
9/19/2017,Region 5,Torrington Office,Non-Hispanic Other,2011,10,7,1,0,1,0,1,0,0,0,0,0,0,0,Race
9/19/2017,Region 5,Torrington Office,Non-Hispanic White,2011,98,59,16,0,0,10,5,0,3,0,4,0,1,0,Race
9/19/2017,Region 5,Waterbury Office,Hispanic,2011,97,67,9,0,0,9,5,0,6,0,0,0,1,0,Race
9/19/2017,Region 5,Waterbury Office,Non-Hispanic Black,2011,51,30,6,0,1,3,2,1,5,0,0,1,1,1,Race
9/19/2017,Region 5,Waterbury Office,Non-Hispanic Other,2011,16,7,2,0,0,0,1,1,2,0,0,2,1,0,Race
9/19/2017,Region 5,Waterbury Office,Non-Hispanic White,2011,79,37,17,3,0,7,2,1,9,0,1,0,2,0,Race
9/19/2017,Region 6,Meriden Office,Hispanic,2011,53,25,7,4,0,6,5,0,5,0,0,0,1,0,Race
9/19/2017,Region 6,Meriden Office,Non-Hispanic Black,2011,18,11,1,0,0,3,2,1,0,0,0,0,0,0,Race
9/19/2017,Region 6,Meriden Office,Non-Hispanic Other,2011,6,5,0,0,0,0,1,0,0,0,0,0,0,0,Race
9/19/2017,Region 6,Meriden Office,Non-Hispanic White,2011,29,9,8,2,0,5,2,0,2,0,0,0,1,0,Race
9/19/2017,Region 6,New Britain Office,Hispanic,2011,94,42,12,0,3,4,12,2,8,0,1,7,3,0,Race
9/19/2017,Region 6,New Britain Office,Non-Hispanic Black,2011,26,12,5,0,1,2,1,2,2,0,0,1,0,0,Race
9/19/2017,Region 6,New Britain Office,Non-Hispanic Other,2011,12,3,0,0,1,3,0,0,3,0,0,1,1,0,Race
9/19/2017,Region 6,New Britain Office,Non-Hispanic White,2011,120,26,44,4,5,5,9,2,16,0,0,1,7,1,Race
9/19/2017,Region 0,Aftercare,Hispanic,2012,1,0,0,0,0,0,0,0,1,0,0,0,0,0,Race
9/19/2017,Region 0,Aftercare,Non-Hispanic Black,2012,5,0,0,0,0,0,0,2,0,0,0,3,0,0,Race
9/19/2017,Region 0,Gen'l Administration,Hispanic,2012,18,0,0,0,0,0,0,1,6,0,1,10,0,0,Race
9/19/2017,Region 0,Gen'l Administration,Non-Hispanic Black,2012,25,0,0,0,0,0,0,2,8,0,1,14,0,0,Race
9/19/2017,Region 0,Gen'l Administration,Non-Hispanic Other,2012,1,0,0,0,0,0,0,0,1,0,0,0,0,0,Race
9/19/2017,Region 0,Gen'l Administration,Non-Hispanic White,2012,6,0,0,0,0,0,0,0,5,0,0,1,0,0,Race
9/19/2017,Region 0,Hotline,Hispanic,2012,4,1,3,0,0,0,0,0,0,0,0,0,0,0,Race
9/19/2017,Region 0,Hotline,Non-Hispanic Black,2012,3,0,0,0,0,3,0,0,0,0,0,0,0,0,Race
9/19/2017,Region 0,Unassigned_Office,Hispanic,2012,2,1,0,0,1,0,0,0,0,0,0,0,0,0,Race
9/19/2017,Region 0,Unassigned_Office,Non-Hispanic Black,2012,8,0,0,0,0,0,0,0,3,0,0,5,0,0,Race
9/19/2017,Region 0,Unassigned_Office,Non-Hispanic Other,2012,2,1,0,0,0,0,0,0,1,0,0,0,0,0,Race
9/19/2017,Region 0,Unassigned_Office,Non-Hispanic White,2012,5,0,3,0,0,0,0,0,1,0,0,1,0,0,Race
9/19/2017,Region 1,Bridgeport Office,Hispanic,2012,70,27,13,4,1,3,10,2,4,0,1,4,1,0,Race
9/19/2017,Region 1,Bridgeport Office,Non-Hispanic Black,2012,76,28,12,4,6,5,5,0,5,0,0,10,1,0,Race
9/19/2017,Region 1,Bridgeport Office,Non-Hispanic Other,2012,8,2,1,0,0,0,1,0,3,0,0,0,0,1,Race
9/19/2017,Region 1,Bridgeport Office,Non-Hispanic White,2012,21,5,3,0,1,3,4,1,3,0,0,1,0,0,Race
9/19/2017,Region 1,Norwalk Office,Hispanic,2012,28,18,4,1,3,1,1,0,0,0,0,0,0,0,Race
9/19/2017,Region 1,Norwalk Office,Non-Hispanic Black,2012,15,9,1,0,1,0,2,0,0,0,1,0,1,0,Race
9/19/2017,Region 1,Norwalk Office,Non-Hispanic Other,2012,3,0,0,0,3,0,0,0,0,0,0,0,0,0,Race
9/19/2017,Region 1,Norwalk Office,Non-Hispanic White,2012,10,2,4,1,0,0,2,0,1,0,0,0,0,0,Race
9/19/2017,Region 1,Stamford Office,Hispanic,2012,2,1,0,0,1,0,0,0,0,0,0,0,0,0,Race
9/19/2017,Region 1,Stamford Office,Non-Hispanic Black,2012,9,3,0,0,0,5,1,0,0,0,0,0,0,0,Race
9/19/2017,Region 1,Stamford Office,Non-Hispanic Other,2012,2,1,0,0,0,0,1,0,0,0,0,0,0,0,Race
9/19/2017,Region 1,Stamford Office,Non-Hispanic White,2012,3,1,0,0,0,0,2,0,0,0,0,0,0,0,Race
9/19/2017,Region 2,Milford Office,Hispanic,2012,19,6,6,0,1,2,4,0,0,0,0,0,0,0,Race
9/19/2017,Region 2,Milford Office,Non-Hispanic Black,2012,26,11,4,0,0,2,3,2,4,0,0,0,0,0,Race
9/19/2017,Region 2,Milford Office,Non-Hispanic Other,2012,6,3,3,0,0,0,0,0,0,0,0,0,0,0,Race
9/19/2017,Region 2,Milford Office,Non-Hispanic White,2012,42,18,5,4,0,0,8,0,5,0,2,0,0,0,Race
9/19/2017,Region 2,New Haven Office,Hispanic,2012,52,23,7,4,2,3,9,0,3,0,0,0,0,1,Race
9/19/2017,Region 2,New Haven Office,Non-Hispanic Black,2012,92,32,23,6,3,4,11,2,3,0,0,3,2,3,Race
9/19/2017,Region 2,New Haven Office,Non-Hispanic Other,2012,5,3,2,0,0,0,0,0,0,0,0,0,0,0,Race
9/19/2017,Region 2,New Haven Office,Non-Hispanic White,2012,23,9,6,3,0,1,2,0,1,0,0,0,0,1,Race
9/19/2017,Region 3,Middletown Office,Hispanic,2012,14,5,2,1,3,1,1,0,0,0,1,0,0,0,Race
9/19/2017,Region 3,Middletown Office,Non-Hispanic Black,2012,4,1,1,0,0,1,1,0,0,0,0,0,0,0,Race
9/19/2017,Region 3,Middletown Office,Non-Hispanic Other,2012,7,2,4,0,0,0,0,0,1,0,0,0,0,0,Race
9/19/2017,Region 3,Middletown Office,Non-Hispanic White,2012,63,23,15,5,2,6,5,0,3,0,3,0,1,0,Race
9/19/2017,Region 3,Norwich Office,Hispanic,2012,41,19,7,4,0,2,1,0,4,0,2,0,2,0,Race
9/19/2017,Region 3,Norwich Office,Non-Hispanic Black,2012,28,13,6,0,0,3,3,0,0,0,0,0,2,1,Race
9/19/2017,Region 3,Norwich Office,Non-Hispanic Other,2012,17,7,5,1,0,0,0,0,2,0,0,0,2,0,Race
9/19/2017,Region 3,Norwich Office,Non-Hispanic White,2012,99,30,22,2,0,12,9,3,9,0,2,4,6,0,Race
9/19/2017,Region 3,Willimantic Office,Hispanic,2012,34,25,4,0,0,3,1,0,1,0,0,0,0,0,Race
9/19/2017,Region 3,Willimantic Office,Non-Hispanic Black,2012,7,4,2,0,0,0,0,0,0,0,0,0,1,0,Race
9/19/2017,Region 3,Willimantic Office,Non-Hispanic Other,2012,16,11,2,2,0,0,0,0,1,0,0,0,0,0,Race
9/19/2017,Region 3,Willimantic Office,Non-Hispanic White,2012,82,54,11,0,0,2,4,0,6,0,2,0,2,1,Race
9/19/2017,Region 4,Hartford Office,Hispanic,2012,139,53,36,2,2,9,10,4,8,0,2,3,9,1,Race
9/19/2017,Region 4,Hartford Office,Non-Hispanic Black,2012,161,84,27,6,2,5,12,4,9,0,1,2,8,1,Race
9/19/2017,Region 4,Hartford Office,Non-Hispanic Other,2012,19,14,2,1,0,0,0,0,0,0,1,0,1,0,Race
9/19/2017,Region 4,Hartford Office,Non-Hispanic White,2012,22,7,9,0,0,0,1,1,1,0,0,0,2,1,Race
9/19/2017,Region 4,Manchester Office,Hispanic,2012,29,12,9,0,1,0,2,1,1,0,1,0,1,1,Race
9/19/2017,Region 4,Manchester Office,Non-Hispanic Black,2012,21,8,6,0,3,0,1,0,1,0,1,0,1,0,Race
9/19/2017,Region 4,Manchester Office,Non-Hispanic Other,2012,12,5,3,1,0,1,1,0,0,0,0,0,1,0,Race
9/19/2017,Region 4,Manchester Office,Non-Hispanic White,2012,73,28,18,4,1,5,3,1,7,0,1,1,4,0,Race
9/19/2017,Region 5,Danbury Office,Hispanic,2012,10,3,2,3,0,0,0,0,0,0,0,0,2,0,Race
9/19/2017,Region 5,Danbury Office,Non-Hispanic Black,2012,10,4,2,0,0,3,1,0,0,0,0,0,0,0,Race
9/19/2017,Region 5,Danbury Office,Non-Hispanic Other,2012,5,2,2,0,0,1,0,0,0,0,0,0,0,0,Race
9/19/2017,Region 5,Danbury Office,Non-Hispanic White,2012,21,7,4,0,4,0,1,1,3,0,1,0,0,0,Race
9/19/2017,Region 5,Torrington Office,Hispanic,2012,14,10,0,0,0,1,0,0,2,0,0,0,1,0,Race
9/19/2017,Region 5,Torrington Office,Non-Hispanic Black,2012,3,2,0,0,0,0,0,0,0,0,0,0,1,0,Race
9/19/2017,Region 5,Torrington Office,Non-Hispanic Other,2012,21,20,0,0,0,0,0,1,0,0,0,0,0,0,Race
9/19/2017,Region 5,Torrington Office,Non-Hispanic White,2012,66,34,17,2,0,1,3,2,2,0,1,1,3,0,Race
9/19/2017,Region 5,Waterbury Office,Hispanic,2012,96,53,20,2,0,3,3,2,7,0,2,2,1,1,Race
9/19/2017,Region 5,Waterbury Office,Non-Hispanic Black,2012,43,23,7,0,1,0,3,2,1,0,0,3,0,3,Race
9/19/2017,Region 5,Waterbury Office,Non-Hispanic Other,2012,19,12,2,0,0,0,1,0,1,0,0,3,0,0,Race
9/19/2017,Region 5,Waterbury Office,Non-Hispanic White,2012,43,18,6,3,0,5,1,0,7,0,1,1,1,0,Race
9/19/2017,Region 6,Meriden Office,Hispanic,2012,24,7,6,1,1,4,2,0,1,0,1,0,1,0,Race
9/19/2017,Region 6,Meriden Office,Non-Hispanic Black,2012,7,3,1,1,0,1,1,0,0,0,0,0,0,0,Race
9/19/2017,Region 6,Meriden Office,Non-Hispanic Other,2012,7,1,4,2,0,0,0,0,0,0,0,0,0,0,Race
9/19/2017,Region 6,Meriden Office,Non-Hispanic White,2012,29,12,12,1,1,0,1,0,1,0,1,0,0,0,Race
9/19/2017,Region 6,New Britain Office,Hispanic,2012,59,17,11,9,2,1,7,2,4,0,1,4,1,0,Race
9/19/2017,Region 6,New Britain Office,Non-Hispanic Black,2012,11,4,4,0,1,1,1,0,0,0,0,0,0,0,Race
9/19/2017,Region 6,New Britain Office,Non-Hispanic Other,2012,12,5,1,0,1,1,1,2,1,0,0,0,0,0,Race
9/19/2017,Region 6,New Britain Office,Non-Hispanic White,2012,92,22,23,4,1,9,10,2,12,0,1,2,5,1,Race
9/19/2017,Region 0,Gen'l Administration,Hispanic,2013,9,0,0,0,0,0,0,0,1,0,0,8,0,0,Race
9/19/2017,Region 0,Gen'l Administration,Non-Hispanic Black,2013,23,0,0,0,0,0,0,0,5,0,0,18,0,0,Race
9/19/2017,Region 0,Gen'l Administration,Non-Hispanic Other,2013,3,0,0,0,0,0,0,0,0,0,0,3,0,0,Race
9/19/2017,Region 0,Gen'l Administration,Non-Hispanic White,2013,9,0,0,0,0,0,0,0,3,0,0,6,0,0,Race
9/19/2017,Region 0,Unassigned_Office,Hispanic,2013,5,1,0,0,0,0,1,0,1,0,0,1,1,0,Race
9/19/2017,Region 0,Unassigned_Office,Non-Hispanic Black,2013,3,0,0,0,0,0,0,0,0,0,0,2,0,1,Race
9/19/2017,Region 0,Unassigned_Office,Non-Hispanic Other,2013,1,1,0,0,0,0,0,0,0,0,0,0,0,0,Race
9/19/2017,Region 0,Unassigned_Office,Non-Hispanic White,2013,4,1,0,0,0,0,0,0,2,0,0,1,0,0,Race
9/19/2017,Region 1,Bridgeport Office,Hispanic,2013,57,33,4,3,1,1,8,1,2,0,1,2,1,0,Race
9/19/2017,Region 1,Bridgeport Office,Non-Hispanic Black,2013,88,28,13,4,4,0,9,3,6,0,1,18,0,2,Race
9/19/2017,Region 1,Bridgeport Office,Non-Hispanic Other,2013,8,5,1,0,0,0,0,1,0,0,0,1,0,0,Race
9/19/2017,Region 1,Bridgeport Office,Non-Hispanic White,2013,29,8,6,1,0,3,3,0,3,0,2,2,1,0,Race
9/19/2017,Region 1,Norwalk Office,Hispanic,2013,12,10,0,0,1,0,0,0,1,0,0,0,0,0,Race
9/19/2017,Region 1,Norwalk Office,Non-Hispanic Black,2013,11,1,6,0,0,0,3,1,0,0,0,0,0,0,Race
9/19/2017,Region 1,Norwalk Office,Non-Hispanic Other,2013,2,0,1,0,0,0,1,0,0,0,0,0,0,0,Race
9/19/2017,Region 1,Norwalk Office,Non-Hispanic White,2013,4,1,1,0,2,0,0,0,0,0,0,0,0,0,Race
9/19/2017,Region 1,Stamford Office,Hispanic,2013,4,4,0,0,0,0,0,0,0,0,0,0,0,0,Race
9/19/2017,Region 1,Stamford Office,Non-Hispanic Black,2013,3,1,0,0,0,0,0,2,0,0,0,0,0,0,Race
9/19/2017,Region 1,Stamford Office,Non-Hispanic White,2013,3,1,0,0,0,0,1,0,1,0,0,0,0,0,Race
9/19/2017,Region 2,Milford Office,Hispanic,2013,17,11,2,1,0,0,1,0,2,0,0,0,0,0,Race
9/19/2017,Region 2,Milford Office,Non-Hispanic Black,2013,27,13,2,2,0,3,4,2,0,0,0,0,0,1,Race
9/19/2017,Region 2,Milford Office,Non-Hispanic Other,2013,14,9,4,0,0,1,0,0,0,0,0,0,0,0,Race
9/19/2017,Region 2,Milford Office,Non-Hispanic White,2013,47,29,8,2,0,0,3,0,4,0,0,0,0,1,Race
9/19/2017,Region 2,New Haven Office,Hispanic,2013,51,25,11,3,0,0,5,1,2,0,1,0,2,1,Race
9/19/2017,Region 2,New Haven Office,Non-Hispanic Black,2013,79,40,13,2,7,3,5,0,1,0,0,8,0,0,Race
9/19/2017,Region 2,New Haven Office,Non-Hispanic Other,2013,7,4,0,0,0,0,0,0,0,0,0,3,0,0,Race
9/19/2017,Region 2,New Haven Office,Non-Hispanic White,2013,33,22,8,0,0,0,2,0,1,0,0,0,0,0,Race
9/19/2017,Region 3,Middletown Office,Hispanic,2013,9,2,3,1,0,1,1,0,0,0,1,0,0,0,Race
9/19/2017,Region 3,Middletown Office,Non-Hispanic Black,2013,9,0,0,5,1,2,0,0,0,0,0,0,0,1,Race
9/19/2017,Region 3,Middletown Office,Non-Hispanic Other,2013,5,4,0,0,0,1,0,0,0,0,0,0,0,0,Race
9/19/2017,Region 3,Middletown Office,Non-Hispanic White,2013,25,10,11,0,1,0,3,0,0,0,0,0,0,0,Race
9/19/2017,Region 3,Norwich Office,Hispanic,2013,46,23,7,2,3,2,3,1,2,0,1,2,0,0,Race
9/19/2017,Region 3,Norwich Office,Non-Hispanic Black,2013,21,6,3,0,3,0,2,0,3,0,0,3,1,0,Race
9/19/2017,Region 3,Norwich Office,Non-Hispanic Other,2013,14,6,1,0,0,1,1,0,1,0,0,2,2,0,Race
9/19/2017,Region 3,Norwich Office,Non-Hispanic White,2013,99,45,20,4,0,1,9,4,4,0,2,6,4,0,Race
9/19/2017,Region 3,Willimantic Office,Hispanic,2013,34,19,6,2,0,1,4,1,0,0,0,0,1,0,Race
9/19/2017,Region 3,Willimantic Office,Non-Hispanic Black,2013,3,3,0,0,0,0,0,0,0,0,0,0,0,0,Race
9/19/2017,Region 3,Willimantic Office,Non-Hispanic Other,2013,7,1,3,0,1,0,0,0,0,0,1,0,1,0,Race
9/19/2017,Region 3,Willimantic Office,Non-Hispanic White,2013,75,49,16,3,1,1,2,1,0,0,0,0,1,1,Race
9/19/2017,Region 4,Hartford Office,Hispanic,2013,188,77,57,5,2,4,14,2,9,0,1,7,10,0,Race
9/19/2017,Region 4,Hartford Office,Non-Hispanic Black,2013,119,47,35,3,1,0,7,7,8,0,3,5,3,0,Race
9/19/2017,Region 4,Hartford Office,Non-Hispanic Other,2013,15,8,3,0,0,0,1,0,1,0,0,1,1,0,Race
9/19/2017,Region 4,Hartford Office,Non-Hispanic White,2013,25,6,5,0,0,0,4,1,3,0,1,0,5,0,Race
9/19/2017,Region 4,Manchester Office,Hispanic,2013,36,12,10,2,0,1,3,1,3,0,0,0,4,0,Race
9/19/2017,Region 4,Manchester Office,Non-Hispanic Black,2013,39,17,12,2,0,0,0,1,2,0,1,0,2,2,Race
9/19/2017,Region 4,Manchester Office,Non-Hispanic Other,2013,11,7,3,0,0,0,0,0,0,0,0,0,1,0,Race
9/19/2017,Region 4,Manchester Office,Non-Hispanic White,2013,67,18,27,0,1,2,6,0,9,0,2,0,2,0,Race
9/19/2017,Region 5,Danbury Office,Hispanic,2013,16,13,0,0,0,0,1,0,0,0,0,0,1,1,Race
9/19/2017,Region 5,Danbury Office,Non-Hispanic Black,2013,6,3,2,0,0,1,0,0,0,0,0,0,0,0,Race
9/19/2017,Region 5,Danbury Office,Non-Hispanic Other,2013,7,6,0,0,0,1,0,0,0,0,0,0,0,0,Race
9/19/2017,Region 5,Danbury Office,Non-Hispanic White,2013,32,19,5,3,1,0,2,0,2,0,0,0,0,0,Race
9/19/2017,Region 5,Torrington Office,Hispanic,2013,18,11,1,0,0,3,1,0,0,0,2,0,0,0,Race
9/19/2017,Region 5,Torrington Office,Non-Hispanic Black,2013,6,3,2,0,0,0,0,1,0,0,0,0,0,0,Race
9/19/2017,Region 5,Torrington Office,Non-Hispanic Other,2013,14,8,1,3,0,0,0,0,0,0,0,0,2,0,Race
9/19/2017,Region 5,Torrington Office,Non-Hispanic White,2013,54,25,14,3,4,1,3,0,1,0,1,0,2,0,Race
9/19/2017,Region 5,Waterbury Office,Hispanic,2013,79,25,30,5,0,0,5,3,6,0,1,4,0,0,Race
9/19/2017,Region 5,Waterbury Office,Non-Hispanic Black,2013,39,11,8,5,0,2,0,2,4,0,2,5,0,0,Race
9/19/2017,Region 5,Waterbury Office,Non-Hispanic Other,2013,13,8,3,0,0,0,0,0,2,0,0,0,0,0,Race
9/19/2017,Region 5,Waterbury Office,Non-Hispanic White,2013,48,11,18,2,1,1,4,2,5,0,0,4,0,0,Race
9/19/2017,Region 6,Meriden Office,Hispanic,2013,30,9,10,2,2,0,4,0,2,0,0,0,1,0,Race
9/19/2017,Region 6,Meriden Office,Non-Hispanic Black,2013,9,3,2,1,0,0,0,1,2,0,0,0,0,0,Race
9/19/2017,Region 6,Meriden Office,Non-Hispanic Other,2013,4,3,1,0,0,0,0,0,0,0,0,0,0,0,Race
9/19/2017,Region 6,Meriden Office,Non-Hispanic White,2013,32,13,7,2,1,1,3,2,0,0,0,0,3,0,Race
9/19/2017,Region 6,New Britain Office,Hispanic,2013,67,26,9,3,3,3,7,5,3,0,2,4,2,0,Race
9/19/2017,Region 6,New Britain Office,Non-Hispanic Black,2013,21,6,4,2,0,1,1,0,4,0,0,2,0,1,Race
9/19/2017,Region 6,New Britain Office,Non-Hispanic Other,2013,6,2,0,0,1,0,0,0,1,0,1,0,1,0,Race
9/19/2017,Region 6,New Britain Office,Non-Hispanic White,2013,64,12,26,1,4,1,6,5,5,0,2,0,1,1,Race
9/19/2017,Region 0,Gen'l Administration,Hispanic,2014,1,0,0,0,0,0,0,1,0,0,0,0,0,0,Race
9/19/2017,Region 0,Gen'l Administration,Non-Hispanic Black,2014,2,0,0,0,0,0,0,0,0,0,0,2,0,0,Race
9/19/2017,Region 0,Gen'l Administration,Non-Hispanic White,2014,1,0,0,0,0,0,0,0,0,0,0,1,0,0,Race
9/19/2017,Region 0,Hotline,Non-Hispanic Other,2014,2,2,0,0,0,0,0,0,0,0,0,0,0,0,Race
9/19/2017,Region 0,Unassigned_Office,Hispanic,2014,4,3,1,0,0,0,0,0,0,0,0,0,0,0,Race
9/19/2017,Region 0,Unassigned_Office,Non-Hispanic Black,2014,3,1,0,0,0,0,0,0,0,0,0,2,0,0,Race
9/19/2017,Region 0,Unassigned_Office,Non-Hispanic White,2014,4,0,0,0,0,0,1,0,2,0,1,0,0,0,Race
9/19/2017,Region 1,Bridgeport Office,Hispanic,2014,70,35,10,2,2,0,9,2,4,0,0,6,0,0,Race
9/19/2017,Region 1,Bridgeport Office,Non-Hispanic Black,2014,91,35,15,0,3,1,9,1,3,0,1,20,1,2,Race
9/19/2017,Region 1,Bridgeport Office,Non-Hispanic Other,2014,11,6,0,2,0,0,0,0,2,0,0,1,0,0,Race
9/19/2017,Region 1,Bridgeport Office,Non-Hispanic White,2014,23,7,2,0,2,0,1,1,6,0,2,2,0,0,Race
9/19/2017,Region 1,Norwalk Office,Hispanic,2014,39,12,17,2,1,0,4,0,1,0,0,2,0,0,Race
9/19/2017,Region 1,Norwalk Office,Non-Hispanic Black,2014,27,11,8,2,2,0,4,0,0,0,0,0,0,0,Race
9/19/2017,Region 1,Norwalk Office,Non-Hispanic Other,2014,3,0,1,1,0,0,0,0,1,0,0,0,0,0,Race
9/19/2017,Region 1,Norwalk Office,Non-Hispanic White,2014,10,3,1,0,1,0,1,0,1,0,1,0,2,0,Race
9/19/2017,Region 1,Stamford Office,Hispanic,2014,4,4,0,0,0,0,0,0,0,0,0,0,0,0,Race
9/19/2017,Region 1,Stamford Office,Non-Hispanic White,2014,3,1,0,0,1,0,1,0,0,0,0,0,0,0,Race
9/19/2017,Region 2,Milford Office,Hispanic,2014,28,14,5,5,1,2,1,0,0,0,0,0,0,0,Race
9/19/2017,Region 2,Milford Office,Non-Hispanic Black,2014,16,9,5,0,0,0,1,0,1,0,0,0,0,0,Race
9/19/2017,Region 2,Milford Office,Non-Hispanic Other,2014,12,3,7,0,2,0,0,0,0,0,0,0,0,0,Race
9/19/2017,Region 2,Milford Office,Non-Hispanic White,2014,46,20,8,1,5,1,4,0,1,0,2,1,1,2,Race
9/19/2017,Region 2,New Haven Office,Hispanic,2014,56,24,9,3,4,2,1,4,3,0,0,6,0,0,Race
9/19/2017,Region 2,New Haven Office,Non-Hispanic Black,2014,90,34,19,2,3,2,3,5,5,0,0,14,1,2,Race
9/19/2017,Region 2,New Haven Office,Non-Hispanic Other,2014,15,4,2,0,0,1,1,0,1,0,0,5,0,1,Race
9/19/2017,Region 2,New Haven Office,Non-Hispanic White,2014,19,12,1,0,0,0,1,2,1,0,0,2,0,0,Race
9/19/2017,Region 3,Middletown Office,Hispanic,2014,6,2,0,0,2,1,1,0,0,0,0,0,0,0,Race
9/19/2017,Region 3,Middletown Office,Non-Hispanic Black,2014,6,0,1,0,0,1,4,0,0,0,0,0,0,0,Race
9/19/2017,Region 3,Middletown Office,Non-Hispanic Other,2014,3,1,1,0,0,1,0,0,0,0,0,0,0,0,Race
9/19/2017,Region 3,Middletown Office,Non-Hispanic White,2014,40,10,11,4,1,5,3,2,0,0,3,0,0,1,Race
9/19/2017,Region 3,Norwich Office,Hispanic,2014,56,23,21,2,1,1,1,1,1,0,0,2,3,0,Race
9/19/2017,Region 3,Norwich Office,Non-Hispanic Black,2014,36,10,11,5,0,1,3,0,3,0,0,2,1,0,Race
9/19/2017,Region 3,Norwich Office,Non-Hispanic Other,2014,45,22,16,2,0,0,1,1,1,0,0,0,2,0,Race
9/19/2017,Region 3,Norwich Office,Non-Hispanic White,2014,113,36,46,12,0,1,3,3,3,0,0,4,5,0,Race
9/19/2017,Region 3,Willimantic Office,Hispanic,2014,31,12,12,1,1,1,0,0,0,0,2,0,2,0,Race
9/19/2017,Region 3,Willimantic Office,Non-Hispanic Black,2014,4,3,1,0,0,0,0,0,0,0,0,0,0,0,Race
9/19/2017,Region 3,Willimantic Office,Non-Hispanic Other,2014,13,2,5,3,1,0,0,0,0,0,0,0,2,0,Race
9/19/2017,Region 3,Willimantic Office,Non-Hispanic White,2014,85,36,35,6,0,0,1,4,1,0,1,0,1,0,Race
9/19/2017,Region 4,Hartford Office,Hispanic,2014,133,47,37,5,3,2,6,0,7,0,5,11,9,1,Race
9/19/2017,Region 4,Hartford Office,Non-Hispanic Black,2014,107,33,34,3,1,6,5,3,7,0,1,6,8,0,Race
9/19/2017,Region 4,Hartford Office,Non-Hispanic Other,2014,15,4,6,0,0,0,1,1,0,0,0,2,1,0,Race
9/19/2017,Region 4,Hartford Office,Non-Hispanic White,2014,25,6,8,1,0,1,1,1,2,0,0,2,3,0,Race
9/19/2017,Region 4,Manchester Office,Hispanic,2014,30,9,12,1,0,2,2,0,0,0,1,0,2,1,Race
9/19/2017,Region 4,Manchester Office,Non-Hispanic Black,2014,33,9,14,1,1,0,1,0,1,0,0,0,5,1,Race
9/19/2017,Region 4,Manchester Office,Non-Hispanic Other,2014,17,8,4,3,0,0,1,0,0,0,1,0,0,0,Race
9/19/2017,Region 4,Manchester Office,Non-Hispanic White,2014,63,18,24,2,3,1,0,0,4,0,2,0,8,1,Race
9/19/2017,Region 5,Danbury Office,Hispanic,2014,26,12,4,0,3,6,0,1,0,0,0,0,0,0,Race
9/19/2017,Region 5,Danbury Office,Non-Hispanic Black,2014,22,10,7,1,0,0,3,1,0,0,0,0,0,0,Race
9/19/2017,Region 5,Danbury Office,Non-Hispanic Other,2014,8,3,1,1,1,0,0,1,0,0,0,0,1,0,Race
9/19/2017,Region 5,Danbury Office,Non-Hispanic White,2014,55,23,21,4,3,1,1,0,1,0,0,0,1,0,Race
9/19/2017,Region 5,Torrington Office,Hispanic,2014,12,5,2,0,0,1,2,1,0,0,0,0,1,0,Race
9/19/2017,Region 5,Torrington Office,Non-Hispanic Black,2014,2,1,0,0,0,0,1,0,0,0,0,0,0,0,Race
9/19/2017,Region 5,Torrington Office,Non-Hispanic Other,2014,7,5,1,0,1,0,0,0,0,0,0,0,0,0,Race
9/19/2017,Region 5,Torrington Office,Non-Hispanic White,2014,38,10,10,2,2,2,4,0,2,0,0,0,5,1,Race
9/19/2017,Region 5,Waterbury Office,Hispanic,2014,92,30,35,6,1,1,6,0,6,0,2,5,0,0,Race
9/19/2017,Region 5,Waterbury Office,Non-Hispanic Black,2014,46,13,15,4,3,1,1,0,4,0,0,5,0,0,Race
9/19/2017,Region 5,Waterbury Office,Non-Hispanic Other,2014,18,2,12,1,1,0,0,0,1,0,0,1,0,0,Race
9/19/2017,Region 5,Waterbury Office,Non-Hispanic White,2014,76,37,20,6,0,1,0,2,3,0,2,4,1,0,Race
9/19/2017,Region 6,Meriden Office,Hispanic,2014,39,13,16,2,1,0,5,0,0,0,1,0,0,1,Race
9/19/2017,Region 6,Meriden Office,Non-Hispanic Black,2014,2,0,1,0,0,1,0,0,0,0,0,0,0,0,Race
9/19/2017,Region 6,Meriden Office,Non-Hispanic Other,2014,8,5,0,0,1,0,1,0,0,0,0,1,0,0,Race
9/19/2017,Region 6,Meriden Office,Non-Hispanic White,2014,28,11,10,1,1,0,4,1,0,0,0,0,0,0,Race
9/19/2017,Region 6,New Britain Office,Hispanic,2014,69,24,19,3,2,0,3,3,3,0,3,6,2,1,Race
9/19/2017,Region 6,New Britain Office,Non-Hispanic Black,2014,20,6,3,2,0,1,3,1,1,0,1,2,0,0,Race
9/19/2017,Region 6,New Britain Office,Non-Hispanic Other,2014,24,8,6,5,1,0,1,0,0,0,0,2,1,0,Race
9/19/2017,Region 6,New Britain Office,Non-Hispanic White,2014,78,22,22,4,4,2,12,1,1,0,6,2,2,0,Race
9/19/2017,Region 0,Hotline,Hispanic,2015,1,0,1,0,0,0,0,0,0,0,0,0,0,0,Race
9/19/2017,Region 0,Hotline,Non-Hispanic Black,2015,2,0,1,0,0,0,1,0,0,0,0,0,0,0,Race
9/19/2017,Region 0,Unassigned_Office,Hispanic,2015,6,1,0,0,0,0,0,1,1,0,0,3,0,0,Race
9/19/2017,Region 0,Unassigned_Office,Non-Hispanic Black,2015,4,2,1,0,0,0,0,0,0,0,0,1,0,0,Race
9/19/2017,Region 0,Unassigned_Office,Non-Hispanic White,2015,5,2,0,1,0,0,0,1,1,0,0,0,0,0,Race
9/19/2017,Region 1,Bridgeport Office,Hispanic,2015,63,21,22,2,7,0,1,3,1,0,1,4,0,1,Race
9/19/2017,Region 1,Bridgeport Office,Non-Hispanic Black,2015,81,35,19,2,6,0,0,1,5,0,0,11,0,2,Race
9/19/2017,Region 1,Bridgeport Office,Non-Hispanic Other,2015,12,2,4,0,1,0,0,1,0,0,0,3,0,1,Race
9/19/2017,Region 1,Bridgeport Office,Non-Hispanic White,2015,11,1,4,1,0,0,1,1,2,0,0,1,0,0,Race
9/19/2017,Region 1,Norwalk Office,Hispanic,2015,30,19,5,0,4,0,0,1,0,0,0,1,0,0,Race
9/19/2017,Region 1,Norwalk Office,Non-Hispanic Black,2015,28,10,14,2,0,0,0,0,1,0,1,0,0,0,Race
9/19/2017,Region 1,Norwalk Office,Non-Hispanic Other,2015,6,3,1,0,1,0,0,0,1,0,0,0,0,0,Race
9/19/2017,Region 1,Norwalk Office,Non-Hispanic White,2015,18,6,10,0,1,0,0,1,0,0,0,0,0,0,Race
9/19/2017,Region 2,Milford Office,Hispanic,2015,22,11,5,1,2,0,1,0,0,0,0,0,1,1,Race
9/19/2017,Region 2,Milford Office,Non-Hispanic Black,2015,29,13,4,4,3,0,0,0,0,0,2,1,0,2,Race
9/19/2017,Region 2,Milford Office,Non-Hispanic Other,2015,8,3,4,0,0,0,1,0,0,0,0,0,0,0,Race
9/19/2017,Region 2,Milford Office,Non-Hispanic White,2015,53,19,21,2,1,0,2,1,2,0,1,0,1,3,Race
9/19/2017,Region 2,New Haven Office,Hispanic,2015,46,19,9,3,3,1,1,2,1,0,0,4,0,3,Race
9/19/2017,Region 2,New Haven Office,Non-Hispanic Black,2015,78,15,23,2,10,1,3,4,2,0,0,15,0,3,Race
9/19/2017,Region 2,New Haven Office,Non-Hispanic Other,2015,11,5,2,1,0,0,0,1,0,0,0,1,0,1,Race
9/19/2017,Region 2,New Haven Office,Non-Hispanic White,2015,22,6,9,1,1,0,0,2,0,0,1,0,0,2,Race
9/19/2017,Region 3,Middletown Office,Hispanic,2015,14,4,6,0,1,0,0,1,0,0,0,0,0,2,Race
9/19/2017,Region 3,Middletown Office,Non-Hispanic Black,2015,10,3,2,1,1,0,0,0,0,0,1,0,0,2,Race
9/19/2017,Region 3,Middletown Office,Non-Hispanic Other,2015,2,0,1,1,0,0,0,0,0,0,0,0,0,0,Race
9/19/2017,Region 3,Middletown Office,Non-Hispanic White,2015,35,4,13,5,1,2,4,1,0,0,1,1,1,2,Race
9/19/2017,Region 3,Norwich Office,Hispanic,2015,49,13,24,2,1,0,1,2,0,0,1,2,3,0,Race
9/19/2017,Region 3,Norwich Office,Non-Hispanic Black,2015,16,6,3,1,1,0,1,1,0,0,0,3,0,0,Race
9/19/2017,Region 3,Norwich Office,Non-Hispanic Other,2015,39,12,14,5,2,0,1,0,0,0,0,0,4,1,Race
9/19/2017,Region 3,Norwich Office,Non-Hispanic White,2015,77,19,30,12,0,2,3,1,1,0,0,1,8,0,Race
9/19/2017,Region 3,Willimantic Office,Hispanic,2015,23,6,10,2,0,1,0,0,1,0,0,0,3,0,Race
9/19/2017,Region 3,Willimantic Office,Non-Hispanic Black,2015,4,2,1,1,0,0,0,0,0,0,0,0,0,0,Race
9/19/2017,Region 3,Willimantic Office,Non-Hispanic Other,2015,21,15,3,0,0,0,1,0,0,0,0,0,1,1,Race
9/19/2017,Region 3,Willimantic Office,Non-Hispanic White,2015,105,42,47,3,1,1,3,0,1,0,0,0,6,1,Race
9/19/2017,Region 4,Hartford Office,Hispanic,2015,119,35,54,5,2,0,6,3,4,0,0,4,5,1,Race
9/19/2017,Region 4,Hartford Office,Non-Hispanic Black,2015,93,30,27,12,2,0,2,3,2,0,1,9,5,0,Race
9/19/2017,Region 4,Hartford Office,Non-Hispanic Other,2015,15,9,4,0,0,0,0,0,0,0,0,2,0,0,Race
9/19/2017,Region 4,Hartford Office,Non-Hispanic White,2015,11,5,4,0,0,0,1,1,0,0,0,0,0,0,Race
9/19/2017,Region 4,Manchester Office,Hispanic,2015,35,6,18,3,1,0,1,0,0,0,1,0,4,1,Race
9/19/2017,Region 4,Manchester Office,Non-Hispanic Black,2015,22,6,9,0,2,0,1,0,0,0,1,0,2,1,Race
9/19/2017,Region 4,Manchester Office,Non-Hispanic Other,2015,13,6,2,3,0,0,0,0,0,0,1,0,1,0,Race
9/19/2017,Region 4,Manchester Office,Non-Hispanic White,2015,63,25,20,4,0,1,4,0,0,0,3,0,6,0,Race
9/19/2017,Region 5,Danbury Office,Hispanic,2015,32,17,9,2,2,0,0,0,0,0,0,0,1,1,Race
9/19/2017,Region 5,Danbury Office,Non-Hispanic Black,2015,6,1,3,0,1,0,0,0,0,0,0,0,0,1,Race
9/19/2017,Region 5,Danbury Office,Non-Hispanic Other,2015,9,1,7,1,0,0,0,0,0,0,0,0,0,0,Race
9/19/2017,Region 5,Danbury Office,Non-Hispanic White,2015,44,15,16,3,3,0,0,0,2,0,0,1,3,1,Race
9/19/2017,Region 5,Torrington Office,Hispanic,2015,13,5,6,1,1,0,0,0,0,0,0,0,0,0,Race
9/19/2017,Region 5,Torrington Office,Non-Hispanic Other,2015,6,4,0,1,1,0,0,0,0,0,0,0,0,0,Race
9/19/2017,Region 5,Torrington Office,Non-Hispanic White,2015,47,16,21,3,2,0,0,0,1,0,3,0,1,0,Race
9/19/2017,Region 5,Waterbury Office,Hispanic,2015,82,40,16,8,7,0,1,3,2,0,0,2,2,1,Race
9/19/2017,Region 5,Waterbury Office,Non-Hispanic Black,2015,45,15,16,7,2,0,0,1,0,0,0,3,0,1,Race
9/19/2017,Region 5,Waterbury Office,Non-Hispanic Other,2015,13,5,7,0,1,0,0,0,0,0,0,0,0,0,Race
9/19/2017,Region 5,Waterbury Office,Non-Hispanic White,2015,85,40,30,7,2,0,0,1,5,0,0,0,0,0,Race
9/19/2017,Region 6,Meriden Office,Hispanic,2015,42,16,13,1,1,0,6,1,2,0,0,0,2,0,Race
9/19/2017,Region 6,Meriden Office,Non-Hispanic Black,2015,7,2,2,1,0,0,1,0,0,0,0,0,0,1,Race
9/19/2017,Region 6,Meriden Office,Non-Hispanic Other,2015,9,4,2,0,1,0,1,0,0,0,0,0,1,0,Race
9/19/2017,Region 6,Meriden Office,Non-Hispanic White,2015,29,7,18,1,0,0,0,0,0,0,0,0,2,1,Race
9/19/2017,Region 6,New Britain Office,Hispanic,2015,76,34,9,11,7,0,1,1,3,0,1,4,4,1,Race
9/19/2017,Region 6,New Britain Office,Non-Hispanic Black,2015,27,9,5,0,2,0,2,1,0,0,0,6,0,2,Race
9/19/2017,Region 6,New Britain Office,Non-Hispanic Other,2015,12,4,4,2,1,0,0,0,0,0,0,1,0,0,Race
9/19/2017,Region 6,New Britain Office,Non-Hispanic White,2015,57,19,20,1,5,0,2,0,3,0,0,1,4,2,Race
9/19/2017,Region 0,Gen'l Administration,Non-Hispanic Black,2016,1,0,0,0,0,0,0,0,0,0,0,0,0,1,Race
9/19/2017,Region 0,Spec Invest. Unit,Non-Hispanic White,2016,1,0,0,0,1,0,0,0,0,0,0,0,0,0,Race
9/19/2017,Region 0,Unassigned_Office,Hispanic,2016,9,3,4,1,0,0,0,0,1,0,0,0,0,0,Race
9/19/2017,Region 0,Unassigned_Office,Non-Hispanic Black,2016,4,1,0,0,0,0,0,1,0,0,0,2,0,0,Race
9/19/2017,Region 0,Unassigned_Office,Non-Hispanic White,2016,8,1,1,0,0,3,0,0,0,0,0,3,0,0,Race
9/19/2017,Region 1,Bridgeport Office,Hispanic,2016,61,18,27,3,6,0,0,2,4,0,0,0,0,1,Race
9/19/2017,Region 1,Bridgeport Office,Non-Hispanic Black,2016,81,26,24,8,10,0,0,1,2,0,1,8,0,1,Race
9/19/2017,Region 1,Bridgeport Office,Non-Hispanic Other,2016,15,4,7,0,1,0,0,0,1,0,0,2,0,0,Race
9/19/2017,Region 1,Bridgeport Office,Non-Hispanic White,2016,22,8,7,1,0,0,1,0,3,0,0,2,0,0,Race
9/19/2017,Region 1,Norwalk Office,Hispanic,2016,59,23,22,7,6,0,1,0,0,0,0,0,0,0,Race
9/19/2017,Region 1,Norwalk Office,Non-Hispanic Black,2016,51,23,21,5,2,0,0,0,0,0,0,0,0,0,Race
9/19/2017,Region 1,Norwalk Office,Non-Hispanic Other,2016,8,7,1,0,0,0,0,0,0,0,0,0,0,0,Race
9/19/2017,Region 1,Norwalk Office,Non-Hispanic White,2016,31,12,14,2,2,0,0,0,0,0,0,0,1,0,Race
9/19/2017,Region 2,Milford Office,Hispanic,2016,53,25,19,2,4,1,1,0,0,0,1,0,0,0,Race
9/19/2017,Region 2,Milford Office,Non-Hispanic Black,2016,38,19,9,3,2,0,2,0,1,0,0,0,1,1,Race
9/19/2017,Region 2,Milford Office,Non-Hispanic Other,2016,13,5,5,1,1,1,0,0,0,0,0,0,0,0,Race
9/19/2017,Region 2,Milford Office,Non-Hispanic White,2016,59,25,27,2,2,0,2,0,0,0,0,0,0,1,Race
9/19/2017,Region 2,New Haven Office,Hispanic,2016,51,28,12,2,2,0,0,1,0,0,1,3,1,1,Race
9/19/2017,Region 2,New Haven Office,Non-Hispanic Black,2016,81,28,29,4,1,1,0,4,1,0,0,9,0,4,Race
9/19/2017,Region 2,New Haven Office,Non-Hispanic Other,2016,12,3,4,1,0,0,0,1,2,0,0,1,0,0,Race
9/19/2017,Region 2,New Haven Office,Non-Hispanic White,2016,16,7,7,0,0,0,0,0,1,0,0,1,0,0,Race
9/19/2017,Region 3,Middletown Office,Hispanic,2016,10,6,1,0,0,0,1,0,0,0,1,0,1,0,Race
9/19/2017,Region 3,Middletown Office,Non-Hispanic Black,2016,5,1,2,1,1,0,0,0,0,0,0,0,0,0,Race
9/19/2017,Region 3,Middletown Office,Non-Hispanic White,2016,32,11,12,1,0,0,4,0,0,0,1,0,3,0,Race
9/19/2017,Region 3,Norwich Office,Hispanic,2016,66,23,29,9,0,0,1,2,1,0,0,0,1,0,Race
9/19/2017,Region 3,Norwich Office,Non-Hispanic Black,2016,30,10,6,5,3,1,1,1,0,0,0,1,2,0,Race
9/19/2017,Region 3,Norwich Office,Non-Hispanic Other,2016,28,10,12,1,0,0,0,2,1,0,0,0,2,0,Race
9/19/2017,Region 3,Norwich Office,Non-Hispanic White,2016,120,44,54,7,0,0,3,1,3,0,1,3,4,0,Race
9/19/2017,Region 3,Willimantic Office,Hispanic,2016,47,16,18,2,0,1,4,0,1,0,1,0,3,1,Race
9/19/2017,Region 3,Willimantic Office,Non-Hispanic Black,2016,2,1,0,0,0,0,0,0,0,0,0,0,1,0,Race
9/19/2017,Region 3,Willimantic Office,Non-Hispanic Other,2016,27,10,10,3,0,0,1,1,0,0,0,0,1,1,Race
9/19/2017,Region 3,Willimantic Office,Non-Hispanic White,2016,121,50,46,7,1,1,2,2,3,0,0,0,6,3,Race
9/19/2017,Region 4,Hartford Office,Hispanic,2016,122,41,55,5,4,1,3,4,1,0,0,0,7,1,Race
9/19/2017,Region 4,Hartford Office,Non-Hispanic Black,2016,91,34,23,2,8,1,1,4,2,0,0,7,7,2,Race
9/19/2017,Region 4,Hartford Office,Non-Hispanic Other,2016,16,7,2,1,0,0,0,0,1,0,0,1,4,0,Race
9/19/2017,Region 4,Hartford Office,Non-Hispanic White,2016,30,9,9,1,1,0,3,0,1,0,0,2,4,0,Race
9/19/2017,Region 4,Manchester Office,Hispanic,2016,42,20,17,1,0,0,1,1,1,0,0,0,1,0,Race
9/19/2017,Region 4,Manchester Office,Non-Hispanic Black,2016,20,5,8,1,1,0,0,1,0,0,1,0,2,1,Race
9/19/2017,Region 4,Manchester Office,Non-Hispanic Other,2016,28,11,12,0,0,0,1,0,0,0,2,0,2,0,Race
9/19/2017,Region 4,Manchester Office,Non-Hispanic White,2016,76,36,23,1,2,0,2,3,0,0,4,0,5,0,Race
9/19/2017,Region 5,Danbury Office,Hispanic,2016,64,37,14,6,5,0,0,0,0,0,0,0,2,0,Race
9/19/2017,Region 5,Danbury Office,Non-Hispanic Black,2016,17,3,8,5,0,0,0,0,0,0,0,0,1,0,Race
9/19/2017,Region 5,Danbury Office,Non-Hispanic Other,2016,5,1,2,0,0,0,0,0,0,0,0,0,1,1,Race
9/19/2017,Region 5,Danbury Office,Non-Hispanic White,2016,41,20,16,3,1,0,0,0,0,0,0,0,1,0,Race
9/19/2017,Region 5,Torrington Office,Hispanic,2016,12,8,4,0,0,0,0,0,0,0,0,0,0,0,Race
9/19/2017,Region 5,Torrington Office,Non-Hispanic Black,2016,2,1,0,0,1,0,0,0,0,0,0,0,0,0,Race
9/19/2017,Region 5,Torrington Office,Non-Hispanic Other,2016,10,6,0,0,1,2,0,0,0,0,0,0,1,0,Race
9/19/2017,Region 5,Torrington Office,Non-Hispanic White,2016,62,26,22,7,2,0,0,0,1,0,1,0,2,1,Race
9/19/2017,Region 5,Waterbury Office,Hispanic,2016,135,59,44,9,13,0,1,3,3,0,0,3,0,0,Race
9/19/2017,Region 5,Waterbury Office,Non-Hispanic Black,2016,51,17,17,2,11,0,0,1,1,0,0,1,1,0,Race
9/19/2017,Region 5,Waterbury Office,Non-Hispanic Other,2016,24,12,8,1,2,0,0,1,0,0,0,0,0,0,Race
9/19/2017,Region 5,Waterbury Office,Non-Hispanic White,2016,61,22,15,5,5,0,2,2,6,0,1,2,1,0,Race
9/19/2017,Region 6,Meriden Office,Hispanic,2016,30,12,15,0,0,0,1,0,1,0,0,0,1,0,Race
9/19/2017,Region 6,Meriden Office,Non-Hispanic Black,2016,6,1,2,1,0,0,0,1,1,0,0,0,0,0,Race
9/19/2017,Region 6,Meriden Office,Non-Hispanic Other,2016,4,1,3,0,0,0,0,0,0,0,0,0,0,0,Race
9/19/2017,Region 6,Meriden Office,Non-Hispanic White,2016,23,9,9,0,0,0,1,0,2,0,1,0,1,0,Race
9/19/2017,Region 6,New Britain Office,Hispanic,2016,69,20,27,9,1,0,3,1,1,0,0,4,0,3,Race
9/19/2017,Region 6,New Britain Office,Non-Hispanic Black,2016,14,3,3,0,0,0,1,2,0,0,0,2,2,1,Race
9/19/2017,Region 6,New Britain Office,Non-Hispanic Other,2016,12,3,5,0,1,0,0,1,0,0,1,1,0,0,Race
9/19/2017,Region 6,New Britain Office,Non-Hispanic White,2016,99,41,39,5,2,0,2,1,1,0,2,2,4,0,Race
9/19/2017,Region 2,Milford Office,Non-Hispanic Black,2017,30,18,6,0,0,2,1,0,1,0,0,0,0,2,Race
9/19/2017,Region 0,Gen'l Administration,Hispanic,2017,1,0,0,1,0,0,0,0,0,0,0,0,0,0,Race
9/19/2017,Region 5,Danbury Office,Non-Hispanic White,2017,44,23,15,2,0,0,1,0,0,0,0,0,1,2,Race
9/19/2017,Region 6,New Britain Office,Hispanic,2017,92,30,38,4,2,3,1,6,2,0,0,3,3,0,Race
9/19/2017,Region 2,Milford Office,Hispanic,2017,33,17,7,2,0,0,0,1,1,0,0,1,1,3,Race
9/19/2017,Region 1,Bridgeport Office,Non-Hispanic Black,2017,63,23,20,1,4,0,1,3,3,0,0,4,1,3,Race
9/19/2017,Region 4,Manchester Office,Non-Hispanic White,2017,88,31,34,3,2,3,3,1,1,0,3,0,4,3,Race
9/19/2017,Region 4,Manchester Office,Non-Hispanic Other,2017,23,12,6,2,0,1,0,1,0,0,0,0,1,0,Race
9/19/2017,Region 1,Norwalk Office,Non-Hispanic White,2017,17,8,6,1,1,0,0,0,0,0,0,0,0,1,Race
9/19/2017,Region 2,New Haven Office,Non-Hispanic Black,2017,83,31,21,1,3,3,2,5,1,0,2,5,0,9,Race
9/19/2017,Region 4,Manchester Office,Non-Hispanic Black,2017,28,13,9,0,0,0,2,0,0,0,1,0,1,2,Race
9/19/2017,Region 4,Manchester Office,Hispanic,2017,52,30,13,1,0,1,1,0,1,0,2,0,3,0,Race
9/19/2017,Region 6,Meriden Office,Non-Hispanic Other,2017,13,4,9,0,0,0,0,0,0,0,0,0,0,0,Race
9/19/2017,Region 3,Willimantic Office,Hispanic,2017,37,21,7,6,0,1,0,0,1,0,0,0,1,0,Race
9/19/2017,Region 4,Hartford Office,Hispanic,2017,112,43,33,9,0,1,2,3,3,0,1,4,9,4,Race
9/19/2017,Region 6,New Britain Office,Non-Hispanic Black,2017,30,8,6,3,1,0,2,1,1,0,1,2,3,2,Race
9/19/2017,Region 5,Waterbury Office,Non-Hispanic White,2017,93,43,25,5,8,1,1,3,3,0,0,0,2,2,Race
9/19/2017,Region 5,Torrington Office,Non-Hispanic Other,2017,10,7,0,0,1,0,0,0,0,0,1,0,0,1,Race
9/19/2017,Region 1,Norwalk Office,Non-Hispanic Black,2017,27,14,7,1,1,0,0,0,1,0,0,0,0,3,Race
9/19/2017,Region 3,Norwich Office,Non-Hispanic Black,2017,27,13,5,1,1,2,3,0,0,0,0,1,1,0,Race
9/19/2017,Region 5,Waterbury Office,Hispanic,2017,147,80,31,10,9,2,0,3,4,0,1,3,0,4,Race
9/19/2017,Region 3,Middletown Office,Hispanic,2017,8,4,1,0,0,0,3,0,0,0,0,0,0,0,Race
9/19/2017,Region 0,Unassigned_Office,Non-Hispanic White,2017,4,4,0,0,0,0,0,0,0,0,0,0,0,0,Race
9/19/2017,Region 3,Norwich Office,Non-Hispanic Other,2017,27,13,8,0,0,1,1,0,0,0,0,0,4,0,Race
9/19/2017,Region 4,Hartford Office,Non-Hispanic Other,2017,16,8,4,0,0,0,0,0,0,0,0,2,1,1,Race
9/19/2017,Region 1,Norwalk Office,Non-Hispanic Other,2017,6,2,3,0,1,0,0,0,0,0,0,0,0,0,Race
9/19/2017,Region 3,Willimantic Office,Non-Hispanic Black,2017,12,10,1,0,0,0,0,0,1,0,0,0,0,0,Race
9/19/2017,Region 3,Norwich Office,Non-Hispanic White,2017,122,57,37,4,2,3,4,7,0,0,0,1,7,0,Race
9/19/2017,Region 5,Waterbury Office,Non-Hispanic Black,2017,60,26,12,2,7,1,0,1,3,0,0,4,1,3,Race
9/19/2017,Region 2,Milford Office,Non-Hispanic Other,2017,13,5,4,0,1,2,0,0,0,0,0,0,1,0,Race
9/19/2017,Region 3,Norwich Office,Hispanic,2017,50,16,19,4,2,0,4,0,3,0,0,1,1,0,Race
9/19/2017,Region 3,Middletown Office,Non-Hispanic Black,2017,8,6,2,0,0,0,0,0,0,0,0,0,0,0,Race
9/19/2017,Region 2,New Haven Office,Hispanic,2017,42,22,7,1,0,2,0,3,2,0,0,1,0,4,Race
9/19/2017,Region 5,Torrington Office,Non-Hispanic White,2017,55,15,18,6,4,4,0,0,1,0,1,0,2,4,Race
9/19/2017,Region 1,Bridgeport Office,Non-Hispanic White,2017,22,6,7,1,2,0,1,1,0,0,0,1,1,2,Race
9/19/2017,Region 2,Milford Office,Non-Hispanic White,2017,91,52,26,11,0,1,0,0,0,0,0,0,0,1,Race
9/19/2017,Region 6,Meriden Office,Non-Hispanic White,2017,35,7,24,0,0,0,0,0,0,0,1,0,3,0,Race
9/19/2017,Region 0,Unassigned_Office,Hispanic,2017,2,2,0,0,0,0,0,0,0,0,0,0,0,0,Race
9/19/2017,Region 3,Middletown Office,Non-Hispanic White,2017,39,19,11,0,1,0,2,1,3,0,0,0,1,1,Race
9/19/2017,Region 4,Hartford Office,Non-Hispanic Black,2017,104,44,28,5,0,0,2,8,4,0,1,5,5,2,Race
9/19/2017,Region 5,Danbury Office,Hispanic,2017,28,12,12,1,0,1,0,1,0,0,0,0,1,0,Race
9/19/2017,Region 1,Norwalk Office,Hispanic,2017,45,26,10,1,7,0,0,0,0,0,1,0,0,0,Race
9/19/2017,Region 0,Gen'l Administration,Non-Hispanic Black,2017,2,0,2,0,0,0,0,0,0,0,0,0,0,0,Race
9/19/2017,Region 3,Middletown Office,Non-Hispanic Other,2017,4,2,0,0,1,0,0,0,0,0,0,0,1,0,Race
9/19/2017,Region 5,Torrington Office,Hispanic,2017,18,9,5,1,1,0,0,0,1,0,0,0,1,0,Race
9/19/2017,Region 6,Meriden Office,Hispanic,2017,44,15,20,3,0,0,0,2,0,0,1,0,2,1,Race
9/19/2017,Region 2,New Haven Office,Non-Hispanic Other,2017,10,4,2,0,0,1,0,0,1,0,0,0,0,2,Race
9/19/2017,Region 6,New Britain Office,Non-Hispanic Other,2017,11,7,2,0,0,0,1,0,0,0,0,1,0,0,Race
9/19/2017,Region 2,New Haven Office,Non-Hispanic White,2017,18,7,4,1,3,1,0,1,1,0,0,0,0,0,Race
9/19/2017,Region 6,Meriden Office,Non-Hispanic Black,2017,10,6,4,0,0,0,0,0,0,0,0,0,0,0,Race
9/19/2017,Region 6,New Britain Office,Non-Hispanic White,2017,96,36,46,1,1,2,0,3,0,0,0,0,5,2,Race
9/19/2017,Region 5,Danbury Office,Non-Hispanic Black,2017,18,10,1,2,2,1,0,0,0,0,0,0,0,2,Race
9/19/2017,Region 0,Unassigned_Office,Non-Hispanic Black,2017,6,1,1,0,0,0,0,2,1,0,0,1,0,0,Race
9/19/2017,Region 1,Bridgeport Office,Non-Hispanic Other,2017,3,2,1,0,0,0,0,0,0,0,0,0,0,0,Race
9/19/2017,Region 4,Hartford Office,Non-Hispanic White,2017,22,9,7,0,1,0,1,1,0,0,0,1,2,0,Race
9/19/2017,Region 0,Hotline,Non-Hispanic White,2017,4,3,1,0,0,0,0,0,0,0,0,0,0,0,Race
9/19/2017,Region 0,Unassigned_Office,Non-Hispanic Other,2017,2,1,0,0,0,0,0,1,0,0,0,0,0,0,Race
9/19/2017,Region 0,Gen'l Administration,Non-Hispanic White,2017,1,0,1,0,0,0,0,0,0,0,0,0,0,0,Race
9/19/2017,Region 0,Hotline,Hispanic,2017,1,1,0,0,0,0,0,0,0,0,0,0,0,0,Race
9/19/2017,Region 5,Danbury Office,Non-Hispanic Other,2017,12,7,2,1,0,0,0,0,0,0,0,0,1,1,Race
9/19/2017,Region 3,Willimantic Office,Non-Hispanic Other,2017,14,7,6,0,0,0,0,1,0,0,0,0,0,0,Race
9/19/2017,Region 5,Waterbury Office,Non-Hispanic Other,2017,23,11,5,3,1,2,0,0,0,0,0,0,1,0,Race
9/19/2017,Region 1,Bridgeport Office,Hispanic,2017,61,23,18,1,6,0,0,1,2,0,0,5,1,4,Race
9/19/2017,Region 3,Willimantic Office,Non-Hispanic White,2017,106,47,33,11,1,0,3,3,3,0,0,0,5,0,Race
9/19/2017,Region 2,Milford Office,Non-Hispanic Black,2017,30,18,6,0,0,2,1,0,1,0,0,0,0,2,Race
9/19/2017,Region 0,Gen'l Administration,Hispanic,2017,1,0,0,1,0,0,0,0,0,0,0,0,0,0,Race
9/19/2017,Region 5,Danbury Office,Non-Hispanic White,2017,44,23,15,2,0,0,1,0,0,0,0,0,1,2,Race
9/19/2017,Region 6,New Britain Office,Hispanic,2017,92,30,38,4,2,3,1,6,2,0,0,3,3,0,Race
9/19/2017,Region 2,Milford Office,Hispanic,2017,33,17,7,2,0,0,0,1,1,0,0,1,1,3,Race
9/19/2017,Region 1,Bridgeport Office,Non-Hispanic Black,2017,63,23,20,1,4,0,1,3,3,0,0,4,1,3,Race
9/19/2017,Region 4,Manchester Office,Non-Hispanic White,2017,88,31,34,3,2,3,3,1,1,0,3,0,4,3,Race
9/19/2017,Region 4,Manchester Office,Non-Hispanic Other,2017,23,12,6,2,0,1,0,1,0,0,0,0,1,0,Race
9/19/2017,Region 1,Norwalk Office,Non-Hispanic White,2017,17,8,6,1,1,0,0,0,0,0,0,0,0,1,Race
9/19/2017,Region 2,New Haven Office,Non-Hispanic Black,2017,83,31,21,1,3,3,2,5,1,0,2,5,0,9,Race
9/19/2017,Region 4,Manchester Office,Non-Hispanic Black,2017,28,13,9,0,0,0,2,0,0,0,1,0,1,2,Race
9/19/2017,Region 4,Manchester Office,Hispanic,2017,52,30,13,1,0,1,1,0,1,0,2,0,3,0,Race
9/19/2017,Region 6,Meriden Office,Non-Hispanic Other,2017,13,4,9,0,0,0,0,0,0,0,0,0,0,0,Race
9/19/2017,Region 3,Willimantic Office,Hispanic,2017,37,21,7,6,0,1,0,0,1,0,0,0,1,0,Race
9/19/2017,Region 4,Hartford Office,Hispanic,2017,112,43,33,9,0,1,2,3,3,0,1,4,9,4,Race
9/19/2017,Region 6,New Britain Office,Non-Hispanic Black,2017,30,8,6,3,1,0,2,1,1,0,1,2,3,2,Race
9/19/2017,Region 5,Waterbury Office,Non-Hispanic White,2017,93,43,25,5,8,1,1,3,3,0,0,0,2,2,Race
9/19/2017,Region 5,Torrington Office,Non-Hispanic Other,2017,10,7,0,0,1,0,0,0,0,0,1,0,0,1,Race
9/19/2017,Region 1,Norwalk Office,Non-Hispanic Black,2017,27,14,7,1,1,0,0,0,1,0,0,0,0,3,Race
9/19/2017,Region 3,Norwich Office,Non-Hispanic Black,2017,27,13,5,1,1,2,3,0,0,0,0,1,1,0,Race
9/19/2017,Region 5,Waterbury Office,Hispanic,2017,147,80,31,10,9,2,0,3,4,0,1,3,0,4,Race
9/19/2017,Region 3,Middletown Office,Hispanic,2017,8,4,1,0,0,0,3,0,0,0,0,0,0,0,Race
9/19/2017,Region 0,Unassigned_Office,Non-Hispanic White,2017,4,4,0,0,0,0,0,0,0,0,0,0,0,0,Race
9/19/2017,Region 3,Norwich Office,Non-Hispanic Other,2017,27,13,8,0,0,1,1,0,0,0,0,0,4,0,Race
9/19/2017,Region 4,Hartford Office,Non-Hispanic Other,2017,16,8,4,0,0,0,0,0,0,0,0,2,1,1,Race
9/19/2017,Region 1,Norwalk Office,Non-Hispanic Other,2017,6,2,3,0,1,0,0,0,0,0,0,0,0,0,Race
9/19/2017,Region 3,Willimantic Office,Non-Hispanic Black,2017,12,10,1,0,0,0,0,0,1,0,0,0,0,0,Race
9/19/2017,Region 3,Norwich Office,Non-Hispanic White,2017,122,57,37,4,2,3,4,7,0,0,0,1,7,0,Race
9/19/2017,Region 5,Waterbury Office,Non-Hispanic Black,2017,60,26,12,2,7,1,0,1,3,0,0,4,1,3,Race
9/19/2017,Region 2,Milford Office,Non-Hispanic Other,2017,13,5,4,0,1,2,0,0,0,0,0,0,1,0,Race
9/19/2017,Region 3,Norwich Office,Hispanic,2017,50,16,19,4,2,0,4,0,3,0,0,1,1,0,Race
9/19/2017,Region 3,Middletown Office,Non-Hispanic Black,2017,8,6,2,0,0,0,0,0,0,0,0,0,0,0,Race
9/19/2017,Region 2,New Haven Office,Hispanic,2017,42,22,7,1,0,2,0,3,2,0,0,1,0,4,Race
9/19/2017,Region 5,Torrington Office,Non-Hispanic White,2017,55,15,18,6,4,4,0,0,1,0,1,0,2,4,Race
9/19/2017,Region 1,Bridgeport Office,Non-Hispanic White,2017,22,6,7,1,2,0,1,1,0,0,0,1,1,2,Race
9/19/2017,Region 2,Milford Office,Non-Hispanic White,2017,91,52,26,11,0,1,0,0,0,0,0,0,0,1,Race
9/19/2017,Region 6,Meriden Office,Non-Hispanic White,2017,35,7,24,0,0,0,0,0,0,0,1,0,3,0,Race
9/19/2017,Region 0,Unassigned_Office,Hispanic,2017,2,2,0,0,0,0,0,0,0,0,0,0,0,0,Race
9/19/2017,Region 3,Middletown Office,Non-Hispanic White,2017,39,19,11,0,1,0,2,1,3,0,0,0,1,1,Race
9/19/2017,Region 4,Hartford Office,Non-Hispanic Black,2017,104,44,28,5,0,0,2,8,4,0,1,5,5,2,Race
9/19/2017,Region 5,Danbury Office,Hispanic,2017,28,12,12,1,0,1,0,1,0,0,0,0,1,0,Race
9/19/2017,Region 1,Norwalk Office,Hispanic,2017,45,26,10,1,7,0,0,0,0,0,1,0,0,0,Race
9/19/2017,Region 0,Gen'l Administration,Non-Hispanic Black,2017,2,0,2,0,0,0,0,0,0,0,0,0,0,0,Race
9/19/2017,Region 3,Middletown Office,Non-Hispanic Other,2017,4,2,0,0,1,0,0,0,0,0,0,0,1,0,Race
9/19/2017,Region 5,Torrington Office,Hispanic,2017,18,9,5,1,1,0,0,0,1,0,0,0,1,0,Race
9/19/2017,Region 6,Meriden Office,Hispanic,2017,44,15,20,3,0,0,0,2,0,0,1,0,2,1,Race
9/19/2017,Region 2,New Haven Office,Non-Hispanic Other,2017,10,4,2,0,0,1,0,0,1,0,0,0,0,2,Race
9/19/2017,Region 6,New Britain Office,Non-Hispanic Other,2017,11,7,2,0,0,0,1,0,0,0,0,1,0,0,Race
9/19/2017,Region 2,New Haven Office,Non-Hispanic White,2017,18,7,4,1,3,1,0,1,1,0,0,0,0,0,Race
9/19/2017,Region 6,Meriden Office,Non-Hispanic Black,2017,10,6,4,0,0,0,0,0,0,0,0,0,0,0,Race
9/19/2017,Region 6,New Britain Office,Non-Hispanic White,2017,96,36,46,1,1,2,0,3,0,0,0,0,5,2,Race
9/19/2017,Region 5,Danbury Office,Non-Hispanic Black,2017,18,10,1,2,2,1,0,0,0,0,0,0,0,2,Race
9/19/2017,Region 0,Unassigned_Office,Non-Hispanic Black,2017,6,1,1,0,0,0,0,2,1,0,0,1,0,0,Race
9/19/2017,Region 1,Bridgeport Office,Non-Hispanic Other,2017,3,2,1,0,0,0,0,0,0,0,0,0,0,0,Race
9/19/2017,Region 4,Hartford Office,Non-Hispanic White,2017,22,9,7,0,1,0,1,1,0,0,0,1,2,0,Race
9/19/2017,Region 0,Hotline,Non-Hispanic White,2017,4,3,1,0,0,0,0,0,0,0,0,0,0,0,Race
9/19/2017,Region 0,Unassigned_Office,Non-Hispanic Other,2017,2,1,0,0,0,0,0,1,0,0,0,0,0,0,Race
9/19/2017,Region 0,Gen'l Administration,Non-Hispanic White,2017,1,0,1,0,0,0,0,0,0,0,0,0,0,0,Race
9/19/2017,Region 0,Hotline,Hispanic,2017,1,1,0,0,0,0,0,0,0,0,0,0,0,0,Race
9/19/2017,Region 5,Danbury Office,Non-Hispanic Other,2017,12,7,2,1,0,0,0,0,0,0,0,0,1,1,Race
9/19/2017,Region 3,Willimantic Office,Non-Hispanic Other,2017,14,7,6,0,0,0,0,1,0,0,0,0,0,0,Race
9/19/2017,Region 5,Waterbury Office,Non-Hispanic Other,2017,23,11,5,3,1,2,0,0,0,0,0,0,1,0,Race
9/19/2017,Region 1,Bridgeport Office,Hispanic,2017,61,23,18,1,6,0,0,1,2,0,0,5,1,4,Race
9/19/2017,Region 3,Willimantic Office,Non-Hispanic White,2017,106,47,33,11,1,0,3,3,3,0,0,0,5,0,Race
11/7/2018,Region 3,Willimantic Office,Hispanic,2018,35,21,6,2,0,0,3,0,0,0,0,0,2,1,Race
11/7/2018,Region 4,Manchester Office,Non-Hispanic White,2018,82,26,42,2,1,3,0,0,0,0,1,0,6,1,Race
11/7/2018,Region 1,Bridgeport Office,Hispanic,2018,56,15,21,3,10,0,0,0,6,0,0,1,0,0,Race
11/7/2018,Region 6,New Britain Office,Non-Hispanic White,2018,67,13,43,3,1,1,0,0,0,0,0,0,6,0,Race
11/7/2018,Region 1,Norwalk Office,Non-Hispanic Black,2018,26,8,10,5,0,0,0,1,1,0,0,0,0,1,Race
11/7/2018,Region 0,Unassigned_Office,Non-Hispanic White,2018,6,1,4,0,0,0,0,1,0,0,0,0,0,0,Race
11/7/2018,Region 5,Danbury Office,Non-Hispanic Other,2018,14,11,1,0,0,0,0,0,0,0,0,0,2,0,Race
11/7/2018,Region 2,New Haven Office,Hispanic,2018,53,33,8,3,3,2,0,1,2,0,0,0,0,1,Race
11/7/2018,Region 4,Hartford Office,Non-Hispanic White,2018,19,4,8,0,0,0,1,3,0,0,0,0,3,0,Race
11/7/2018,Region 3,Norwich Office,Hispanic,2018,46,35,8,1,0,0,0,0,1,0,0,1,0,0,Race
11/7/2018,Region 2,New Haven Office,Non-Hispanic Other,2018,11,8,2,0,0,1,0,0,0,0,0,0,0,0,Race
11/7/2018,Region 6,Meriden Office,Non-Hispanic White,2018,27,12,8,4,1,1,0,0,0,0,0,0,1,0,Race
11/7/2018,Region 6,New Britain Office,Non-Hispanic Other,2018,23,6,12,2,2,0,1,0,0,0,0,0,0,0,Race
11/7/2018,Region 5,Torrington Office,Hispanic,2018,8,4,3,0,0,1,0,0,0,0,0,0,0,0,Race
11/7/2018,Region 2,New Haven Office,Non-Hispanic Black,2018,119,46,34,5,6,2,0,8,10,0,1,3,2,2,Race
11/7/2018,Region 3,Norwich Office,Non-Hispanic Other,2018,36,14,13,1,3,0,0,0,1,0,1,2,1,0,Race
11/7/2018,Region 2,New Haven Office,Non-Hispanic White,2018,15,5,6,2,0,0,0,0,1,0,0,0,0,1,Race
11/7/2018,Region 5,Torrington Office,Non-Hispanic White,2018,55,25,20,4,0,2,0,1,0,0,1,0,1,1,Race
11/7/2018,Region 1,Norwalk Office,Non-Hispanic White,2018,8,4,2,1,0,0,0,0,1,0,0,0,0,0,Race
11/7/2018,Region 3,Norwich Office,Non-Hispanic White,2018,108,43,42,6,2,4,3,0,2,0,0,0,6,0,Race
11/7/2018,Region 1,Norwalk Office,Hispanic,2018,29,16,6,4,1,0,0,0,1,0,0,0,1,0,Race
11/7/2018,Region 1,Norwalk Office,Non-Hispanic Other,2018,8,3,3,0,2,0,0,0,0,0,0,0,0,0,Race
11/7/2018,Region 0,Unassigned_Office,Non-Hispanic Black,2018,3,0,0,0,0,0,0,2,1,0,0,0,0,0,Race
11/7/2018,Region 4,Manchester Office,Hispanic,2018,51,13,21,7,0,5,1,0,0,0,2,0,2,0,Race
11/7/2018,Region 3,Middletown Office,Non-Hispanic White,2018,42,12,20,3,3,1,1,0,0,0,2,0,0,0,Race
11/7/2018,Region 4,Hartford Office,Non-Hispanic Other,2018,19,7,6,1,1,0,0,0,0,0,0,0,4,0,Race
11/7/2018,Region 5,Danbury Office,Non-Hispanic Black,2018,8,6,0,1,0,0,0,0,0,0,0,0,1,0,Race
11/7/2018,Region 2,Milford Office,Non-Hispanic Black,2018,34,15,12,3,2,0,0,0,0,0,0,1,0,1,Race
11/7/2018,Region 0,Spec Invest. Unit,Non-Hispanic Black,2018,5,5,0,0,0,0,0,0,0,0,0,0,0,0,Race
11/7/2018,Region 6,New Britain Office,Non-Hispanic Black,2018,22,11,3,1,1,3,0,1,1,0,0,0,1,0,Race
11/7/2018,Region 4,Hartford Office,Non-Hispanic Black,2018,92,41,22,3,6,0,0,1,3,0,0,1,10,5,Race
11/7/2018,Region 5,Waterbury Office,Non-Hispanic Other,2018,21,11,5,2,0,1,0,0,1,0,1,0,0,0,Race
11/7/2018,Region 1,Bridgeport Office,Non-Hispanic Other,2018,8,6,1,0,0,0,0,0,1,0,0,0,0,0,Race
11/7/2018,Region 3,Willimantic Office,Non-Hispanic Black,2018,4,3,1,0,0,0,0,0,0,0,0,0,0,0,Race
11/7/2018,Region 3,Middletown Office,Non-Hispanic Other,2018,9,4,2,1,0,0,2,0,0,0,0,0,0,0,Race
11/7/2018,Region 2,Milford Office,Non-Hispanic White,2018,51,22,20,4,1,2,2,0,0,0,0,0,0,0,Race
11/7/2018,Region 4,Hartford Office,Hispanic,2018,134,58,37,12,4,3,3,6,1,0,1,1,5,3,Race
11/7/2018,Region 6,New Britain Office,Hispanic,2018,90,28,36,4,3,2,3,4,0,0,1,1,6,2,Race
11/7/2018,Region 5,Danbury Office,Hispanic,2018,39,27,6,3,0,1,0,0,0,0,0,0,2,0,Race
11/7/2018,Region 5,Danbury Office,Non-Hispanic White,2018,37,22,10,4,0,0,0,0,0,0,0,0,1,0,Race
11/7/2018,Region 3,Middletown Office,Hispanic,2018,23,10,13,0,0,0,0,0,0,0,0,0,0,0,Race
11/7/2018,Region 0,Unassigned_Office,Non-Hispanic Other,2018,2,0,2,0,0,0,0,0,0,0,0,0,0,0,Race
11/7/2018,Region 3,Willimantic Office,Non-Hispanic White,2018,97,33,36,7,2,2,4,0,2,0,1,0,9,1,Race
11/7/2018,Region 5,Waterbury Office,Non-Hispanic Black,2018,63,31,22,1,2,4,0,0,1,0,1,1,0,0,Race
11/7/2018,Region 3,Willimantic Office,Non-Hispanic Other,2018,16,12,1,0,0,2,0,0,0,0,0,0,1,0,Race
11/7/2018,Region 4,Manchester Office,Non-Hispanic Black,2018,20,5,4,2,0,2,3,1,0,0,3,0,0,0,Race
11/7/2018,Region 1,Bridgeport Office,Non-Hispanic Black,2018,75,26,22,4,7,0,1,4,3,0,0,7,1,0,Race
11/7/2018,Region 3,Norwich Office,Non-Hispanic Black,2018,31,13,11,3,1,0,2,0,0,0,1,0,0,0,Race
11/7/2018,Region 6,Meriden Office,Non-Hispanic Black,2018,2,1,1,0,0,0,0,0,0,0,0,0,0,0,Race
11/7/2018,Region 5,Waterbury Office,Non-Hispanic White,2018,73,25,36,1,6,1,0,0,3,0,0,0,1,0,Race
11/7/2018,Region 5,Torrington Office,Non-Hispanic Other,2018,10,4,2,2,1,1,0,0,0,0,0,0,0,0,Race
11/7/2018,Region 1,Bridgeport Office,Non-Hispanic White,2018,40,17,13,1,3,0,0,0,4,0,0,0,0,2,Race
11/7/2018,Region 2,Milford Office,Hispanic,2018,32,18,4,4,1,2,0,1,0,0,0,0,2,0,Race
11/7/2018,Region 3,Middletown Office,Non-Hispanic Black,2018,6,5,0,0,0,0,0,0,1,0,0,0,0,0,Race
11/7/2018,Region 6,Meriden Office,Non-Hispanic Other,2018,7,4,2,0,0,0,0,0,0,0,0,0,1,0,Race
11/7/2018,Region 2,Milford Office,Non-Hispanic Other,2018,17,8,8,1,0,0,0,0,0,0,0,0,0,0,Race
11/7/2018,Region 5,Waterbury Office,Hispanic,2018,124,53,36,14,1,6,2,2,7,0,0,1,0,2,Race
11/7/2018,Region 4,Manchester Office,Non-Hispanic Other,2018,16,5,6,1,0,0,0,0,1,0,3,0,0,0,Race
11/7/2018,Region 6,Meriden Office,Hispanic,2018,37,15,15,3,0,1,1,0,0,0,0,0,2,0,Race
